#node1	node2	node1_string_id	node2_string_id	homology	experimentally_determined_interaction	database_annotated	automated_textmining	combined_score
AKT1	CREBBP	9606.ENSP00000451828	9606.ENSP00000262367	0	0.457	0	0	0.457
AKT1	EP300	9606.ENSP00000451828	9606.ENSP00000263253	0	0.457	0	0	0.457
AKT1	PIK3CA	9606.ENSP00000451828	9606.ENSP00000263967	0	0.457	0	0	0.457
AKT1	EGFR	9606.ENSP00000451828	9606.ENSP00000275493	0	0.523	0	0	0.523
AKT1	MTOR	9606.ENSP00000451828	9606.ENSP00000354558	0	0.542	0	0	0.542
AKT1	AKT2	9606.ENSP00000451828	9606.ENSP00000375892	0	0.655	0.900	0	0.964
AKT1	CDKN1A	9606.ENSP00000451828	9606.ENSP00000384849	0	0.657	0	0	0.657
AKT1	RAF1	9606.ENSP00000451828	9606.ENSP00000401888	0	0.657	0	0	0.657
AKT1	PIK3R1	9606.ENSP00000451828	9606.ENSP00000428056	0	0.476	0	0	0.476
AKT1	PIAS2	9606.ENSP00000451828	9606.ENSP00000465676	0	0.542	0	0	0.542
AKT1	AKT3	9606.ENSP00000451828	9606.ENSP00000500582	0	0.592	0.900	0	0.957
AKT2	AKT3	9606.ENSP00000375892	9606.ENSP00000500582	0	0.162	0.900	0	0.912
BCL2	MCL1	9606.ENSP00000381185	9606.ENSP00000358022	0	0.509	0	0	0.509
BCL2	BCL2L1	9606.ENSP00000381185	9606.ENSP00000365230	0	0.690	0.900	0	0.967
BCL2	RAF1	9606.ENSP00000381185	9606.ENSP00000401888	0	0.457	0	0	0.457
BCL2L1	MTOR	9606.ENSP00000365230	9606.ENSP00000354558	0	0.457	0	0	0.457
BCL2L1	MCL1	9606.ENSP00000365230	9606.ENSP00000358022	0	0.362	0.900	0	0.933
BCL2L1	RAF1	9606.ENSP00000365230	9606.ENSP00000401888	0	0.657	0	0	0.657
CCND1	EP300	9606.ENSP00000227507	9606.ENSP00000263253	0	0.457	0	0	0.457
CCND1	STAT3	9606.ENSP00000227507	9606.ENSP00000264657	0	0.457	0	0	0.457
CCND1	CCND3	9606.ENSP00000227507	9606.ENSP00000362082	0	0	0.900	0	0.900
CCND1	CCND2	9606.ENSP00000227507	9606.ENSP00000261254	0	0	0.900	0	0.900
CCND1	CREBBP	9606.ENSP00000227507	9606.ENSP00000262367	0	0.292	0.900	0	0.926
CCND1	CDKN1A	9606.ENSP00000227507	9606.ENSP00000384849	0	0.971	0.400	0	0.981
CCND2	CDKN1A	9606.ENSP00000261254	9606.ENSP00000384849	0	0.734	0.400	0	0.833
CCND2	CCND3	9606.ENSP00000261254	9606.ENSP00000362082	0	0	0.900	0	0.900
CCND3	CREBBP	9606.ENSP00000362082	9606.ENSP00000262367	0	0.611	0	0	0.611
CCND3	CDKN1A	9606.ENSP00000362082	9606.ENSP00000384849	0	0.734	0.400	0	0.833
CDKN1A	CREBBP	9606.ENSP00000384849	9606.ENSP00000262367	0	0.582	0	0	0.582
CDKN1A	EP300	9606.ENSP00000384849	9606.ENSP00000263253	0	0.457	0	0	0.457
CDKN1A	STAT3	9606.ENSP00000384849	9606.ENSP00000264657	0	0.542	0	0	0.542
CISH	EPOR	9606.ENSP00000409346	9606.ENSP00000222139	0	0.457	0	0	0.457
CISH	PIK3R2	9606.ENSP00000409346	9606.ENSP00000222254	0	0	0.540	0	0.540
CISH	PIK3R3	9606.ENSP00000409346	9606.ENSP00000262741	0	0	0.540	0	0.540
CISH	PIK3CA	9606.ENSP00000409346	9606.ENSP00000263967	0	0	0.540	0	0.540
CISH	EGFR	9606.ENSP00000409346	9606.ENSP00000275493	0	0.564	0	0	0.564
CISH	SOCS5	9606.ENSP00000409346	9606.ENSP00000305133	0	0	0.540	0	0.540
CISH	IL7R	9606.ENSP00000409346	9606.ENSP00000306157	0	0.457	0	0	0.457
CISH	GH1	9606.ENSP00000409346	9606.ENSP00000312673	0	0	0.500	0	0.499
CISH	SOCS3	9606.ENSP00000409346	9606.ENSP00000330341	0	0	0.540	0	0.540
CISH	GH2	9606.ENSP00000409346	9606.ENSP00000333157	0	0	0.500	0	0.499
CISH	PIK3CD	9606.ENSP00000409346	9606.ENSP00000366563	0	0	0.540	0	0.540
CISH	JAK2	9606.ENSP00000409346	9606.ENSP00000371067	0	0	0.500	0	0.499
CISH	SOCS6	9606.ENSP00000409346	9606.ENSP00000381034	0	0	0.540	0	0.540
CISH	PIK3R1	9606.ENSP00000409346	9606.ENSP00000428056	0	0	0.540	0	0.540
CISH	PIK3CB	9606.ENSP00000409346	9606.ENSP00000501150	0	0	0.540	0	0.540
CISH	SOCS4	9606.ENSP00000409346	9606.ENSP00000452522	0	0	0.540	0	0.540
CISH	SOCS7	9606.ENSP00000409346	9606.ENSP00000499750	0	0	0.540	0	0.540
CISH	SOCS2	9606.ENSP00000409346	9606.ENSP00000481249	0	0	0.540	0	0.540
CISH	SOCS1	9606.ENSP00000409346	9606.ENSP00000496577	0	0	0.540	0	0.540
CISH	GHR	9606.ENSP00000409346	9606.ENSP00000483403	0	0.292	0.500	0	0.630
CNTF	CSF3	9606.ENSP00000355370	9606.ENSP00000225474	0	0	0.900	0	0.900
CNTF	EPO	9606.ENSP00000355370	9606.ENSP00000252723	0	0	0.900	0	0.900
CNTF	PRL	9606.ENSP00000355370	9606.ENSP00000302150	0	0	0.900	0	0.900
CNTF	LEP	9606.ENSP00000355370	9606.ENSP00000312652	0	0	0.900	0	0.900
CNTF	GH1	9606.ENSP00000355370	9606.ENSP00000312673	0	0	0.900	0	0.900
CNTF	CSH1	9606.ENSP00000355370	9606.ENSP00000316416	0	0	0.900	0	0.900
CNTF	GH2	9606.ENSP00000355370	9606.ENSP00000333157	0	0	0.900	0	0.900
CNTF	JAK1	9606.ENSP00000355370	9606.ENSP00000499900	0	0	0.500	0	0.499
CNTF	JAK2	9606.ENSP00000355370	9606.ENSP00000371067	0	0	0.500	0	0.499
CNTF	TYK2	9606.ENSP00000355370	9606.ENSP00000431885	0	0	0.500	0	0.499
CNTF	IL6R	9606.ENSP00000355370	9606.ENSP00000357470	0	0.457	0	0	0.457
CNTF	CSH2	9606.ENSP00000355370	9606.ENSP00000376623	0	0	0.900	0	0.900
CNTF	THPO	9606.ENSP00000355370	9606.ENSP00000494504	0	0	0.900	0	0.900
CNTF	IL6ST	9606.ENSP00000355370	9606.ENSP00000370698	0	0.691	0.500	0	0.838
CNTF	LIFR	9606.ENSP00000355370	9606.ENSP00000398368	0	0.691	0.500	0	0.838
CNTF	CNTFR	9606.ENSP00000355370	9606.ENSP00000368265	0	0.691	0.900	0	0.967
CNTFR	IL6R	9606.ENSP00000368265	9606.ENSP00000357470	0	0	0.720	0	0.720
CNTFR	JAK2	9606.ENSP00000368265	9606.ENSP00000371067	0	0	0.650	0	0.650
CNTFR	JAK1	9606.ENSP00000368265	9606.ENSP00000499900	0	0	0.650	0	0.650
CNTFR	JAK3	9606.ENSP00000368265	9606.ENSP00000432511	0	0	0.650	0	0.650
CNTFR	TYK2	9606.ENSP00000368265	9606.ENSP00000431885	0	0	0.650	0	0.650
CNTFR	IL6ST	9606.ENSP00000368265	9606.ENSP00000370698	0	0.292	0.800	0	0.852
CNTFR	LIFR	9606.ENSP00000368265	9606.ENSP00000398368	0	0.457	0.800	0	0.886
CREBBP	PIAS3	9606.ENSP00000262367	9606.ENSP00000376765	0	0.457	0	0	0.457
CREBBP	STAT6	9606.ENSP00000262367	9606.ENSP00000300134	0	0.457	0	0	0.457
CREBBP	MYC	9606.ENSP00000262367	9606.ENSP00000478887	0	0.457	0	0	0.457
CREBBP	STAT3	9606.ENSP00000262367	9606.ENSP00000264657	0	0.457	0	0	0.457
CREBBP	STAT2	9606.ENSP00000262367	9606.ENSP00000315768	0	0.943	0	0	0.943
CREBBP	STAT1	9606.ENSP00000262367	9606.ENSP00000354394	0	0.943	0	0	0.943
CREBBP	EP300	9606.ENSP00000262367	9606.ENSP00000263253	0	0.457	0.900	0	0.943
CRLF2	STAT3	9606.ENSP00000370978	9606.ENSP00000264657	0	0	0.500	0	0.499
CRLF2	IL7R	9606.ENSP00000370978	9606.ENSP00000306157	0	0.922	0.900	0	0.991
CRLF2	TSLP	9606.ENSP00000370978	9606.ENSP00000339804	0	0.922	0.500	0	0.959
CRLF2	JAK3	9606.ENSP00000370978	9606.ENSP00000432511	0	0	0.650	0	0.650
CRLF2	TYK2	9606.ENSP00000370978	9606.ENSP00000431885	0	0	0.650	0	0.650
CRLF2	JAK1	9606.ENSP00000370978	9606.ENSP00000499900	0	0.098	0.650	0	0.670
CRLF2	JAK2	9606.ENSP00000370978	9606.ENSP00000371067	0	0.041	0.650	0	0.650
CSF2	PIK3R2	9606.ENSP00000296871	9606.ENSP00000222254	0	0	0.400	0	0.400
CSF2	IL5	9606.ENSP00000296871	9606.ENSP00000231454	0	0	0.400	0	0.400
CSF2	PIK3R3	9606.ENSP00000296871	9606.ENSP00000262741	0	0	0.400	0	0.400
CSF2	PIK3CA	9606.ENSP00000296871	9606.ENSP00000263967	0	0	0.400	0	0.400
CSF2	STAT5B	9606.ENSP00000296871	9606.ENSP00000293328	0	0	0.500	0	0.499
CSF2	IL3	9606.ENSP00000296871	9606.ENSP00000296870	0	0	0.400	0	0.400
CSF2	GRB2	9606.ENSP00000296871	9606.ENSP00000376345	0	0	0.400	0	0.400
CSF2	SOS1	9606.ENSP00000296871	9606.ENSP00000384675	0	0	0.400	0	0.400
CSF2	PIK3CD	9606.ENSP00000296871	9606.ENSP00000366563	0	0	0.400	0	0.400
CSF2	PIK3R1	9606.ENSP00000296871	9606.ENSP00000428056	0	0	0.400	0	0.400
CSF2	PIK3CB	9606.ENSP00000296871	9606.ENSP00000501150	0	0	0.400	0	0.400
CSF2	PTPN11	9606.ENSP00000296871	9606.ENSP00000489597	0	0	0.500	0	0.499
CSF2	PTPN6	9606.ENSP00000296871	9606.ENSP00000391592	0	0	0.500	0	0.499
CSF2	STAT5A	9606.ENSP00000296871	9606.ENSP00000341208	0	0	0.500	0	0.499
CSF2	IL3RA	9606.ENSP00000296871	9606.ENSP00000327890	0	0	0.400	0	0.400
CSF2	JAK2	9606.ENSP00000296871	9606.ENSP00000371067	0	0	0.720	0	0.720
CSF2	IL5RA	9606.ENSP00000296871	9606.ENSP00000412209	0	0	0.400	0	0.400
CSF2	CSF2RB	9606.ENSP00000296871	9606.ENSP00000384053	0	0.960	0.720	0	0.988
CSF2RB	PIK3R2	9606.ENSP00000384053	9606.ENSP00000222254	0	0	0.400	0	0.400
CSF2RB	IL5	9606.ENSP00000384053	9606.ENSP00000231454	0	0.526	0.400	0	0.703
CSF2RB	PIK3R3	9606.ENSP00000384053	9606.ENSP00000262741	0	0	0.400	0	0.400
CSF2RB	PIK3CA	9606.ENSP00000384053	9606.ENSP00000263967	0	0.292	0.400	0	0.557
CSF2RB	STAT5B	9606.ENSP00000384053	9606.ENSP00000293328	0	0	0.500	0	0.499
CSF2RB	IL3	9606.ENSP00000384053	9606.ENSP00000296870	0	0.946	0.400	0	0.966
CSF2RB	IL3RA	9606.ENSP00000384053	9606.ENSP00000327890	0	0.900	0.900	0	0.989
CSF2RB	STAT5A	9606.ENSP00000384053	9606.ENSP00000341208	0	0.292	0.500	0	0.630
CSF2RB	PIK3CD	9606.ENSP00000384053	9606.ENSP00000366563	0	0	0.400	0	0.400
CSF2RB	JAK2	9606.ENSP00000384053	9606.ENSP00000371067	0	0.457	0.900	0	0.943
CSF2RB	GRB2	9606.ENSP00000384053	9606.ENSP00000376345	0	0	0.400	0	0.400
CSF2RB	SOS1	9606.ENSP00000384053	9606.ENSP00000384675	0	0	0.400	0	0.400
CSF2RB	PIK3CB	9606.ENSP00000384053	9606.ENSP00000501150	0	0	0.400	0	0.400
CSF2RB	SOCS1	9606.ENSP00000384053	9606.ENSP00000496577	0	0.420	0	0	0.420
CSF2RB	PIK3R1	9606.ENSP00000384053	9606.ENSP00000428056	0	0.292	0.400	0	0.557
CSF2RB	JAK3	9606.ENSP00000384053	9606.ENSP00000432511	0	0	0.650	0	0.650
CSF2RB	TYK2	9606.ENSP00000384053	9606.ENSP00000431885	0	0	0.650	0	0.650
CSF2RB	PTPN11	9606.ENSP00000384053	9606.ENSP00000489597	0	0.457	0.500	0	0.716
CSF2RB	PTPN6	9606.ENSP00000384053	9606.ENSP00000391592	0	0.457	0.500	0	0.716
CSF2RB	JAK1	9606.ENSP00000384053	9606.ENSP00000499900	0	0.457	0.650	0	0.801
CSF2RB	IL5RA	9606.ENSP00000384053	9606.ENSP00000412209	0	0.490	0.800	0	0.893
CSF3	STAT5B	9606.ENSP00000225474	9606.ENSP00000293328	0	0	0.500	0	0.499
CSF3	TYK2	9606.ENSP00000225474	9606.ENSP00000431885	0	0	0.500	0	0.499
CSF3	STAT5A	9606.ENSP00000225474	9606.ENSP00000341208	0	0	0.500	0	0.499
CSF3	PTPN11	9606.ENSP00000225474	9606.ENSP00000489597	0	0	0.500	0	0.499
CSF3	SOCS1	9606.ENSP00000225474	9606.ENSP00000496577	0	0	0.500	0	0.499
CSF3	STAT1	9606.ENSP00000225474	9606.ENSP00000354394	0	0	0.500	0	0.499
CSF3	GRB2	9606.ENSP00000225474	9606.ENSP00000376345	0	0	0.500	0	0.499
CSF3	STAT3	9606.ENSP00000225474	9606.ENSP00000264657	0	0	0.500	0	0.499
CSF3	SOCS3	9606.ENSP00000225474	9606.ENSP00000330341	0	0	0.500	0	0.499
CSF3	JAK1	9606.ENSP00000225474	9606.ENSP00000499900	0	0	0.500	0	0.499
CSF3	PRL	9606.ENSP00000225474	9606.ENSP00000302150	0	0	0.900	0	0.900
CSF3	CSH2	9606.ENSP00000225474	9606.ENSP00000376623	0	0	0.900	0	0.900
CSF3	GH1	9606.ENSP00000225474	9606.ENSP00000312673	0	0	0.900	0	0.900
CSF3	LEP	9606.ENSP00000225474	9606.ENSP00000312652	0	0	0.900	0	0.900
CSF3	CSH1	9606.ENSP00000225474	9606.ENSP00000316416	0	0	0.900	0	0.900
CSF3	GH2	9606.ENSP00000225474	9606.ENSP00000333157	0	0	0.900	0	0.900
CSF3	THPO	9606.ENSP00000225474	9606.ENSP00000494504	0	0	0.900	0	0.900
CSF3	EPO	9606.ENSP00000225474	9606.ENSP00000252723	0	0	0.900	0	0.900
CSF3	JAK2	9606.ENSP00000225474	9606.ENSP00000371067	0	0	0.500	0	0.499
CSF3	CSF3R	9606.ENSP00000225474	9606.ENSP00000362195	0	0.946	0.700	0	0.983
CSF3R	STAT3	9606.ENSP00000362195	9606.ENSP00000264657	0	0.292	0.500	0	0.630
CSF3R	STAT5B	9606.ENSP00000362195	9606.ENSP00000293328	0	0	0.500	0	0.499
CSF3R	SOCS3	9606.ENSP00000362195	9606.ENSP00000330341	0	0.419	0.500	0	0.697
CSF3R	STAT5A	9606.ENSP00000362195	9606.ENSP00000341208	0	0	0.500	0	0.499
CSF3R	STAT1	9606.ENSP00000362195	9606.ENSP00000354394	0	0	0.500	0	0.499
CSF3R	SOCS1	9606.ENSP00000362195	9606.ENSP00000496577	0	0	0.500	0	0.499
CSF3R	PTPN11	9606.ENSP00000362195	9606.ENSP00000489597	0	0.236	0.500	0	0.601
CSF3R	GRB2	9606.ENSP00000362195	9606.ENSP00000376345	0	0.457	0.500	0	0.716
CSF3R	TYK2	9606.ENSP00000362195	9606.ENSP00000431885	0	0.133	0.650	0	0.683
CSF3R	JAK3	9606.ENSP00000362195	9606.ENSP00000432511	0	0.133	0.800	0	0.819
CSF3R	JAK1	9606.ENSP00000362195	9606.ENSP00000499900	0	0.359	0.800	0	0.866
CSF3R	JAK2	9606.ENSP00000362195	9606.ENSP00000371067	0	0.133	0.800	0	0.819
CSH1	EPO	9606.ENSP00000316416	9606.ENSP00000252723	0	0	0.900	0	0.900
CSH1	STAT5B	9606.ENSP00000316416	9606.ENSP00000293328	0	0	0.500	0	0.499
CSH1	PRL	9606.ENSP00000316416	9606.ENSP00000302150	0	0	0.900	0	0.900
CSH1	LEP	9606.ENSP00000316416	9606.ENSP00000312652	0	0	0.900	0	0.900
CSH1	GH1	9606.ENSP00000316416	9606.ENSP00000312673	0	0.414	0.900	0	0.938
CSH1	PTPN11	9606.ENSP00000316416	9606.ENSP00000489597	0	0	0.500	0	0.499
CSH1	JAK2	9606.ENSP00000316416	9606.ENSP00000371067	0	0	0.500	0	0.499
CSH1	STAT5A	9606.ENSP00000316416	9606.ENSP00000341208	0	0	0.500	0	0.499
CSH1	GHR	9606.ENSP00000316416	9606.ENSP00000483403	0	0	0.500	0	0.499
CSH1	PRLR	9606.ENSP00000316416	9606.ENSP00000482954	0	0	0.500	0	0.499
CSH1	THPO	9606.ENSP00000316416	9606.ENSP00000494504	0	0	0.900	0	0.900
CSH1	GH2	9606.ENSP00000316416	9606.ENSP00000333157	0	0	0.900	0	0.900
CSH1	CSH2	9606.ENSP00000316416	9606.ENSP00000376623	0	0.886	0.900	0	0.988
CSH2	EPO	9606.ENSP00000376623	9606.ENSP00000252723	0	0	0.900	0	0.900
CSH2	PRL	9606.ENSP00000376623	9606.ENSP00000302150	0	0	0.900	0	0.900
CSH2	LEP	9606.ENSP00000376623	9606.ENSP00000312652	0	0	0.900	0	0.900
CSH2	GH1	9606.ENSP00000376623	9606.ENSP00000312673	0	0.363	0.900	0	0.933
CSH2	GH2	9606.ENSP00000376623	9606.ENSP00000333157	0	0	0.900	0	0.900
CSH2	THPO	9606.ENSP00000376623	9606.ENSP00000494504	0	0	0.900	0	0.900
CTF1	OSM	9606.ENSP00000279804	9606.ENSP00000215781	0	0	0.500	0	0.499
CTF1	LIF	9606.ENSP00000279804	9606.ENSP00000249075	0	0	0.500	0	0.499
CTF1	OSMR	9606.ENSP00000279804	9606.ENSP00000274276	0	0	0.500	0	0.499
CTF1	JAK1	9606.ENSP00000279804	9606.ENSP00000499900	0	0	0.500	0	0.499
CTF1	JAK2	9606.ENSP00000279804	9606.ENSP00000371067	0	0	0.500	0	0.499
CTF1	TYK2	9606.ENSP00000279804	9606.ENSP00000431885	0	0	0.500	0	0.499
CTF1	IL6ST	9606.ENSP00000279804	9606.ENSP00000370698	0	0	0.500	0	0.499
CTF1	LIFR	9606.ENSP00000279804	9606.ENSP00000398368	0	0.608	0.500	0	0.795
EGF	STAM2	9606.ENSP00000265171	9606.ENSP00000263904	0	0	0.500	0	0.499
EGF	PIK3CA	9606.ENSP00000265171	9606.ENSP00000263967	0	0	0.400	0	0.400
EGF	STAM	9606.ENSP00000265171	9606.ENSP00000366746	0	0	0.500	0	0.499
EGF	SOS1	9606.ENSP00000265171	9606.ENSP00000384675	0	0	0.400	0	0.400
EGF	PTPN11	9606.ENSP00000265171	9606.ENSP00000489597	0	0	0.400	0	0.400
EGF	PIK3R1	9606.ENSP00000265171	9606.ENSP00000428056	0	0.292	0.400	0	0.557
EGF	PDGFA	9606.ENSP00000265171	9606.ENSP00000346508	0	0	0.900	0	0.900
EGF	PDGFB	9606.ENSP00000265171	9606.ENSP00000330382	0	0	0.900	0	0.900
EGF	GRB2	9606.ENSP00000265171	9606.ENSP00000376345	0	0	0.400	0	0.400
EGF	EGFR	9606.ENSP00000265171	9606.ENSP00000275493	0	0.972	0.900	0	0.997
EGFR	SOS2	9606.ENSP00000275493	9606.ENSP00000216373	0	0.550	0	0	0.550
EGFR	PIK3R2	9606.ENSP00000275493	9606.ENSP00000222254	0	0.550	0	0	0.550
EGFR	PDGFRA	9606.ENSP00000275493	9606.ENSP00000257290	0	0.564	0.900	0	0.954
EGFR	PDGFRB	9606.ENSP00000275493	9606.ENSP00000261799	0	0.457	0.900	0	0.943
EGFR	PIK3R3	9606.ENSP00000275493	9606.ENSP00000262741	0	0.542	0	0	0.542
EGFR	STAM2	9606.ENSP00000275493	9606.ENSP00000263904	0	0.457	0.500	0	0.716
EGFR	PIK3CA	9606.ENSP00000275493	9606.ENSP00000263967	0	0.550	0.400	0	0.718
EGFR	STAT3	9606.ENSP00000275493	9606.ENSP00000264657	0	0.621	0	0	0.621
EGFR	SOCS1	9606.ENSP00000275493	9606.ENSP00000496577	0	0.457	0	0	0.457
EGFR	SOCS5	9606.ENSP00000275493	9606.ENSP00000305133	0	0.457	0	0	0.457
EGFR	PTPN2	9606.ENSP00000275493	9606.ENSP00000311857	0	0.457	0	0	0.457
EGFR	PIM1	9606.ENSP00000275493	9606.ENSP00000362608	0	0.523	0	0	0.523
EGFR	STAT2	9606.ENSP00000275493	9606.ENSP00000315768	0	0.523	0	0	0.523
EGFR	SOCS3	9606.ENSP00000275493	9606.ENSP00000330341	0	0.523	0	0	0.523
EGFR	RAF1	9606.ENSP00000275493	9606.ENSP00000401888	0	0.523	0	0	0.523
EGFR	PIK3CB	9606.ENSP00000275493	9606.ENSP00000501150	0	0.550	0	0	0.550
EGFR	STAM	9606.ENSP00000275493	9606.ENSP00000366746	0	0	0.500	0	0.499
EGFR	JAK3	9606.ENSP00000275493	9606.ENSP00000432511	0	0	0.650	0	0.650
EGFR	PTPN6	9606.ENSP00000275493	9606.ENSP00000391592	0	0.457	0	0	0.457
EGFR	SOCS6	9606.ENSP00000275493	9606.ENSP00000381034	0	0.523	0	0	0.523
EGFR	TYK2	9606.ENSP00000275493	9606.ENSP00000431885	0	0	0.650	0	0.650
EGFR	JAK2	9606.ENSP00000275493	9606.ENSP00000371067	0	0.457	0.650	0	0.801
EGFR	JAK1	9606.ENSP00000275493	9606.ENSP00000499900	0	0.385	0.650	0	0.775
EGFR	STAT1	9606.ENSP00000275493	9606.ENSP00000354394	0	0.570	0	0	0.570
EGFR	STAT5A	9606.ENSP00000275493	9606.ENSP00000341208	0	0.523	0	0	0.523
EGFR	STAT5B	9606.ENSP00000275493	9606.ENSP00000293328	0	0.677	0	0	0.677
EGFR	PIK3R1	9606.ENSP00000275493	9606.ENSP00000428056	0	0.657	0.400	0	0.785
EGFR	SOS1	9606.ENSP00000275493	9606.ENSP00000384675	0	0.734	0.400	0	0.833
EGFR	PTPN11	9606.ENSP00000275493	9606.ENSP00000489597	0	0.734	0.400	0	0.833
EGFR	GRB2	9606.ENSP00000275493	9606.ENSP00000376345	0	0.735	0.900	0	0.972
EP300	MCL1	9606.ENSP00000263253	9606.ENSP00000358022	0	0.457	0	0	0.457
EP300	STAT2	9606.ENSP00000263253	9606.ENSP00000315768	0	0.457	0	0	0.457
EP300	STAT6	9606.ENSP00000263253	9606.ENSP00000300134	0	0.457	0	0	0.457
EP300	STAT5A	9606.ENSP00000263253	9606.ENSP00000341208	0	0.457	0	0	0.457
EP300	STAT1	9606.ENSP00000263253	9606.ENSP00000354394	0	0.457	0	0	0.457
EP300	MYC	9606.ENSP00000263253	9606.ENSP00000478887	0	0.457	0	0	0.457
EP300	STAT3	9606.ENSP00000263253	9606.ENSP00000264657	0	0.457	0	0	0.457
EPO	EPOR	9606.ENSP00000252723	9606.ENSP00000222139	0	0.960	0.500	0	0.979
EPO	PIK3CB	9606.ENSP00000252723	9606.ENSP00000501150	0	0	0.500	0	0.499
EPO	PIK3R1	9606.ENSP00000252723	9606.ENSP00000428056	0	0	0.500	0	0.499
EPO	PIK3CA	9606.ENSP00000252723	9606.ENSP00000263967	0	0	0.500	0	0.499
EPO	PIK3CD	9606.ENSP00000252723	9606.ENSP00000366563	0	0	0.500	0	0.499
EPO	SOS1	9606.ENSP00000252723	9606.ENSP00000384675	0	0	0.500	0	0.499
EPO	STAT5B	9606.ENSP00000252723	9606.ENSP00000293328	0	0	0.500	0	0.499
EPO	STAT5A	9606.ENSP00000252723	9606.ENSP00000341208	0	0	0.500	0	0.499
EPO	GRB2	9606.ENSP00000252723	9606.ENSP00000376345	0	0	0.500	0	0.499
EPO	PRL	9606.ENSP00000252723	9606.ENSP00000302150	0	0	0.900	0	0.900
EPO	LEP	9606.ENSP00000252723	9606.ENSP00000312652	0	0	0.900	0	0.900
EPO	THPO	9606.ENSP00000252723	9606.ENSP00000494504	0	0	0.900	0	0.900
EPO	JAK2	9606.ENSP00000252723	9606.ENSP00000371067	0	0	0.500	0	0.499
EPO	GH1	9606.ENSP00000252723	9606.ENSP00000312673	0	0	0.900	0	0.900
EPO	GH2	9606.ENSP00000252723	9606.ENSP00000333157	0	0	0.900	0	0.900
EPOR	PIK3CB	9606.ENSP00000222139	9606.ENSP00000501150	0	0	0.500	0	0.499
EPOR	SOS1	9606.ENSP00000222139	9606.ENSP00000384675	0	0	0.500	0	0.499
EPOR	PIK3CD	9606.ENSP00000222139	9606.ENSP00000366563	0	0	0.500	0	0.499
EPOR	PIK3CA	9606.ENSP00000222139	9606.ENSP00000263967	0	0	0.500	0	0.499
EPOR	PIK3R1	9606.ENSP00000222139	9606.ENSP00000428056	0	0.457	0.500	0	0.716
EPOR	TYK2	9606.ENSP00000222139	9606.ENSP00000431885	0	0	0.650	0	0.650
EPOR	PTPN11	9606.ENSP00000222139	9606.ENSP00000489597	0	0.457	0	0	0.457
EPOR	PTPN6	9606.ENSP00000222139	9606.ENSP00000391592	0	0.457	0	0	0.457
EPOR	JAK3	9606.ENSP00000222139	9606.ENSP00000432511	0	0	0.800	0	0.800
EPOR	SOCS3	9606.ENSP00000222139	9606.ENSP00000330341	0	0.457	0	0	0.457
EPOR	STAT5B	9606.ENSP00000222139	9606.ENSP00000293328	0	0	0.500	0	0.499
EPOR	SOCS2	9606.ENSP00000222139	9606.ENSP00000481249	0	0.457	0	0	0.457
EPOR	STAT5A	9606.ENSP00000222139	9606.ENSP00000341208	0	0.457	0.500	0	0.716
EPOR	JAK1	9606.ENSP00000222139	9606.ENSP00000499900	0	0	0.800	0	0.800
EPOR	GRB2	9606.ENSP00000222139	9606.ENSP00000376345	0	0.457	0.500	0	0.716
EPOR	JAK2	9606.ENSP00000222139	9606.ENSP00000371067	0	0.943	0.800	0	0.988
GH1	STAT3	9606.ENSP00000312673	9606.ENSP00000264657	0	0	0.500	0	0.499
GH1	STAT5B	9606.ENSP00000312673	9606.ENSP00000293328	0	0	0.500	0	0.499
GH1	PRL	9606.ENSP00000312673	9606.ENSP00000302150	0	0	0.900	0	0.900
GH1	LEP	9606.ENSP00000312673	9606.ENSP00000312652	0	0	0.900	0	0.900
GH1	SOCS1	9606.ENSP00000312673	9606.ENSP00000496577	0	0	0.500	0	0.499
GH1	PTPN11	9606.ENSP00000312673	9606.ENSP00000489597	0	0	0.500	0	0.499
GH1	PTPN6	9606.ENSP00000312673	9606.ENSP00000391592	0	0	0.500	0	0.499
GH1	STAT1	9606.ENSP00000312673	9606.ENSP00000354394	0	0	0.500	0	0.499
GH1	SOCS3	9606.ENSP00000312673	9606.ENSP00000330341	0	0	0.500	0	0.499
GH1	STAT5A	9606.ENSP00000312673	9606.ENSP00000341208	0	0	0.500	0	0.499
GH1	SOCS2	9606.ENSP00000312673	9606.ENSP00000481249	0	0	0.500	0	0.499
GH1	JAK2	9606.ENSP00000312673	9606.ENSP00000371067	0	0	0.500	0	0.499
GH1	GH2	9606.ENSP00000312673	9606.ENSP00000333157	0	0	0.900	0	0.900
GH1	THPO	9606.ENSP00000312673	9606.ENSP00000494504	0	0	0.900	0	0.900
GH1	PRLR	9606.ENSP00000312673	9606.ENSP00000482954	0	0.946	0.500	0	0.971
GH1	GHR	9606.ENSP00000312673	9606.ENSP00000483403	0	0.960	0.720	0	0.988
GH2	STAT3	9606.ENSP00000333157	9606.ENSP00000264657	0	0	0.500	0	0.499
GH2	STAT5B	9606.ENSP00000333157	9606.ENSP00000293328	0	0	0.500	0	0.499
GH2	PRL	9606.ENSP00000333157	9606.ENSP00000302150	0	0	0.900	0	0.900
GH2	LEP	9606.ENSP00000333157	9606.ENSP00000312652	0	0	0.900	0	0.900
GH2	SOCS3	9606.ENSP00000333157	9606.ENSP00000330341	0	0	0.500	0	0.499
GH2	JAK2	9606.ENSP00000333157	9606.ENSP00000371067	0	0	0.500	0	0.499
GH2	SOCS2	9606.ENSP00000333157	9606.ENSP00000481249	0	0	0.500	0	0.499
GH2	STAT5A	9606.ENSP00000333157	9606.ENSP00000341208	0	0	0.500	0	0.499
GH2	PTPN6	9606.ENSP00000333157	9606.ENSP00000391592	0	0	0.500	0	0.499
GH2	PRLR	9606.ENSP00000333157	9606.ENSP00000482954	0	0	0.500	0	0.499
GH2	STAT1	9606.ENSP00000333157	9606.ENSP00000354394	0	0	0.500	0	0.499
GH2	SOCS1	9606.ENSP00000333157	9606.ENSP00000496577	0	0	0.500	0	0.499
GH2	PTPN11	9606.ENSP00000333157	9606.ENSP00000489597	0	0	0.500	0	0.499
GH2	GHR	9606.ENSP00000333157	9606.ENSP00000483403	0	0	0.700	0	0.700
GH2	THPO	9606.ENSP00000333157	9606.ENSP00000494504	0	0	0.900	0	0.900
GHR	STAT3	9606.ENSP00000483403	9606.ENSP00000264657	0	0.292	0.500	0	0.630
GHR	STAT5B	9606.ENSP00000483403	9606.ENSP00000293328	0	0.548	0.500	0	0.764
GHR	PRL	9606.ENSP00000483403	9606.ENSP00000302150	0	0	0.500	0	0.499
GHR	SOCS3	9606.ENSP00000483403	9606.ENSP00000330341	0	0.292	0.500	0	0.630
GHR	STAT5A	9606.ENSP00000483403	9606.ENSP00000341208	0	0.407	0.500	0	0.690
GHR	STAT1	9606.ENSP00000483403	9606.ENSP00000354394	0	0	0.500	0	0.499
GHR	JAK2	9606.ENSP00000483403	9606.ENSP00000371067	0	0.457	0.900	0	0.943
GHR	PTPN6	9606.ENSP00000483403	9606.ENSP00000391592	0	0	0.500	0	0.499
GHR	TYK2	9606.ENSP00000483403	9606.ENSP00000431885	0	0.292	0.650	0	0.741
GHR	JAK3	9606.ENSP00000483403	9606.ENSP00000432511	0	0	0.800	0	0.800
GHR	SOCS2	9606.ENSP00000483403	9606.ENSP00000481249	0	0.457	0.500	0	0.716
GHR	PRLR	9606.ENSP00000483403	9606.ENSP00000482954	0	0	0.500	0	0.499
GHR	PTPN11	9606.ENSP00000483403	9606.ENSP00000489597	0	0.457	0	0	0.457
GHR	SOCS1	9606.ENSP00000483403	9606.ENSP00000496577	0	0.292	0.500	0	0.630
GHR	JAK1	9606.ENSP00000483403	9606.ENSP00000499900	0	0.292	0.800	0	0.852
GRB2	IL2RB	9606.ENSP00000376345	9606.ENSP00000216223	0	0.292	0.400	0	0.557
GRB2	SOS2	9606.ENSP00000376345	9606.ENSP00000216373	0	0.700	0.900	0	0.968
GRB2	PIK3R2	9606.ENSP00000376345	9606.ENSP00000222254	0	0.472	0.400	0	0.669
GRB2	IL2	9606.ENSP00000376345	9606.ENSP00000226730	0	0	0.400	0	0.400
GRB2	IL5	9606.ENSP00000376345	9606.ENSP00000231454	0	0	0.400	0	0.400
GRB2	PDGFRA	9606.ENSP00000376345	9606.ENSP00000257290	0	0.457	0.650	0	0.801
GRB2	PDGFRB	9606.ENSP00000376345	9606.ENSP00000261799	0	0.534	0.650	0	0.829
GRB2	PIK3R3	9606.ENSP00000376345	9606.ENSP00000262741	0	0.315	0.400	0	0.571
GRB2	STAM2	9606.ENSP00000376345	9606.ENSP00000263904	0	0	0.400	0	0.400
GRB2	PIK3CA	9606.ENSP00000376345	9606.ENSP00000263967	0	0.457	0.400	0	0.660
GRB2	STAT3	9606.ENSP00000376345	9606.ENSP00000264657	0	0.292	0.500	0	0.630
GRB2	STAT5B	9606.ENSP00000376345	9606.ENSP00000293328	0	0	0.400	0	0.400
GRB2	IL15	9606.ENSP00000376345	9606.ENSP00000296545	0	0	0.500	0	0.499
GRB2	IL3	9606.ENSP00000376345	9606.ENSP00000296870	0	0	0.400	0	0.400
GRB2	IL3RA	9606.ENSP00000376345	9606.ENSP00000327890	0	0.362	0.400	0	0.600
GRB2	PDGFB	9606.ENSP00000376345	9606.ENSP00000330382	0	0	0.400	0	0.400
GRB2	STAT5A	9606.ENSP00000376345	9606.ENSP00000341208	0	0	0.400	0	0.400
GRB2	PDGFA	9606.ENSP00000376345	9606.ENSP00000346508	0	0	0.400	0	0.400
GRB2	STAT1	9606.ENSP00000376345	9606.ENSP00000354394	0	0	0.500	0	0.499
GRB2	IL2RG	9606.ENSP00000376345	9606.ENSP00000363318	0	0.141	0.400	0	0.462
GRB2	PIK3CD	9606.ENSP00000376345	9606.ENSP00000366563	0	0	0.400	0	0.400
GRB2	STAM	9606.ENSP00000376345	9606.ENSP00000366746	0	0	0.400	0	0.400
GRB2	IL2RA	9606.ENSP00000376345	9606.ENSP00000369293	0	0	0.400	0	0.400
GRB2	JAK2	9606.ENSP00000376345	9606.ENSP00000371067	0	0.457	0.400	0	0.660
GRB2	JAK3	9606.ENSP00000376345	9606.ENSP00000432511	0	0	0.400	0	0.400
GRB2	IL5RA	9606.ENSP00000376345	9606.ENSP00000412209	0	0.141	0.400	0	0.462
GRB2	PIK3CB	9606.ENSP00000376345	9606.ENSP00000501150	0	0.422	0.400	0	0.638
GRB2	SOCS1	9606.ENSP00000376345	9606.ENSP00000496577	0	0.420	0	0	0.420
GRB2	TYK2	9606.ENSP00000376345	9606.ENSP00000431885	0	0	0.500	0	0.499
GRB2	JAK1	9606.ENSP00000376345	9606.ENSP00000499900	0	0.457	0.400	0	0.660
GRB2	PTPN6	9606.ENSP00000376345	9606.ENSP00000391592	0	0.457	0.500	0	0.716
GRB2	PIK3R1	9606.ENSP00000376345	9606.ENSP00000428056	0	0.644	0.400	0	0.777
GRB2	PTPN11	9606.ENSP00000376345	9606.ENSP00000489597	0	0.734	0.900	0	0.972
GRB2	SOS1	9606.ENSP00000376345	9606.ENSP00000384675	0	0.834	0.900	0	0.982
HRAS	PIK3R2	9606.ENSP00000407586	9606.ENSP00000222254	0	0	0.500	0	0.499
HRAS	PIK3CA	9606.ENSP00000407586	9606.ENSP00000263967	0	0.457	0.500	0	0.716
HRAS	PIK3CD	9606.ENSP00000407586	9606.ENSP00000366563	0	0.457	0	0	0.457
HRAS	SOS1	9606.ENSP00000407586	9606.ENSP00000384675	0	0.960	0.540	0	0.980
HRAS	RAF1	9606.ENSP00000407586	9606.ENSP00000401888	0	0.965	0.500	0	0.982
HRAS	PIK3CB	9606.ENSP00000407586	9606.ENSP00000501150	0	0	0.500	0	0.499
HRAS	PIK3R1	9606.ENSP00000407586	9606.ENSP00000428056	0	0.542	0.500	0	0.761
IFNA1	IFNAR1	9606.ENSP00000276927	9606.ENSP00000270139	0	0	0.500	0	0.499
IFNA1	SOCS3	9606.ENSP00000276927	9606.ENSP00000330341	0	0	0.500	0	0.499
IFNA1	STAT1	9606.ENSP00000276927	9606.ENSP00000354394	0	0	0.500	0	0.499
IFNA1	SOCS1	9606.ENSP00000276927	9606.ENSP00000496577	0	0	0.500	0	0.499
IFNA1	IFNA8	9606.ENSP00000276927	9606.ENSP00000369553	0	0.573	0	0	0.573
IFNA1	STAT2	9606.ENSP00000276927	9606.ENSP00000315768	0	0	0.500	0	0.499
IFNA1	IFNA5	9606.ENSP00000276927	9606.ENSP00000484479	0	0.601	0	0	0.601
IFNA1	IFNA17	9606.ENSP00000276927	9606.ENSP00000411940	0	0.623	0	0	0.623
IFNA1	IFNA4	9606.ENSP00000276927	9606.ENSP00000412897	0	0.664	0	0	0.664
IFNA1	IFNA14	9606.ENSP00000276927	9606.ENSP00000369571	0	0.669	0	0	0.669
IFNA1	IFNA21	9606.ENSP00000276927	9606.ENSP00000369574	0	0.669	0	0	0.669
IFNA1	IFNA6	9606.ENSP00000276927	9606.ENSP00000369558	0	0.671	0	0	0.671
IFNA1	IFNA13	9606.ENSP00000276927	9606.ENSP00000480467	0	0.831	0	0	0.831
IFNA1	TYK2	9606.ENSP00000276927	9606.ENSP00000431885	0	0	0.500	0	0.499
IFNA1	JAK1	9606.ENSP00000276927	9606.ENSP00000499900	0	0	0.500	0	0.499
IFNA1	IFNAR2	9606.ENSP00000276927	9606.ENSP00000343957	0	0.287	0.500	0	0.628
IFNA10	IFNAR1	9606.ENSP00000369566	9606.ENSP00000270139	0	0	0.500	0	0.499
IFNA10	STAT2	9606.ENSP00000369566	9606.ENSP00000315768	0	0	0.500	0	0.499
IFNA10	SOCS3	9606.ENSP00000369566	9606.ENSP00000330341	0	0	0.500	0	0.499
IFNA10	IFNAR2	9606.ENSP00000369566	9606.ENSP00000343957	0	0	0.500	0	0.499
IFNA10	STAT1	9606.ENSP00000369566	9606.ENSP00000354394	0	0	0.500	0	0.499
IFNA10	SOCS1	9606.ENSP00000369566	9606.ENSP00000496577	0	0	0.500	0	0.499
IFNA10	JAK1	9606.ENSP00000369566	9606.ENSP00000499900	0	0	0.500	0	0.499
IFNA10	TYK2	9606.ENSP00000369566	9606.ENSP00000431885	0	0	0.500	0	0.499
IFNA13	IFNA8	9606.ENSP00000480467	9606.ENSP00000369553	0	0.639	0	0	0.639
IFNA13	IFNA16	9606.ENSP00000480467	9606.ENSP00000369564	0	0.610	0	0	0.610
IFNA13	IFNA21	9606.ENSP00000480467	9606.ENSP00000369574	0	0.446	0	0	0.446
IFNA13	IFNA4	9606.ENSP00000480467	9606.ENSP00000412897	0	0.592	0	0	0.592
IFNA13	IFNA5	9606.ENSP00000480467	9606.ENSP00000484479	0	0.651	0	0	0.651
IFNA14	IFNAR1	9606.ENSP00000369571	9606.ENSP00000270139	0	0	0.500	0	0.499
IFNA14	STAT2	9606.ENSP00000369571	9606.ENSP00000315768	0	0	0.500	0	0.499
IFNA14	SOCS3	9606.ENSP00000369571	9606.ENSP00000330341	0	0	0.500	0	0.499
IFNA14	IFNAR2	9606.ENSP00000369571	9606.ENSP00000343957	0	0	0.500	0	0.499
IFNA14	STAT1	9606.ENSP00000369571	9606.ENSP00000354394	0	0.203	0.500	0	0.584
IFNA14	IFNA6	9606.ENSP00000369571	9606.ENSP00000369558	0	0.685	0	0	0.685
IFNA14	TYK2	9606.ENSP00000369571	9606.ENSP00000431885	0	0	0.500	0	0.499
IFNA14	SOCS1	9606.ENSP00000369571	9606.ENSP00000496577	0	0	0.500	0	0.499
IFNA14	JAK1	9606.ENSP00000369571	9606.ENSP00000499900	0	0	0.500	0	0.499
IFNA14	IFNA21	9606.ENSP00000369571	9606.ENSP00000369574	0	0.653	0	0	0.653
IFNA14	IFNA5	9606.ENSP00000369571	9606.ENSP00000484479	0	0.659	0	0	0.659
IFNA16	IFNA7	9606.ENSP00000369564	9606.ENSP00000239347	0	0.610	0	0	0.610
IFNA16	IFNAR1	9606.ENSP00000369564	9606.ENSP00000270139	0	0	0.500	0	0.499
IFNA16	STAT2	9606.ENSP00000369564	9606.ENSP00000315768	0	0	0.500	0	0.499
IFNA16	SOCS3	9606.ENSP00000369564	9606.ENSP00000330341	0	0	0.500	0	0.499
IFNA16	IFNAR2	9606.ENSP00000369564	9606.ENSP00000343957	0	0	0.500	0	0.499
IFNA16	STAT1	9606.ENSP00000369564	9606.ENSP00000354394	0	0	0.500	0	0.499
IFNA16	JAK1	9606.ENSP00000369564	9606.ENSP00000499900	0	0	0.500	0	0.499
IFNA16	SOCS1	9606.ENSP00000369564	9606.ENSP00000496577	0	0	0.500	0	0.499
IFNA16	TYK2	9606.ENSP00000369564	9606.ENSP00000431885	0	0	0.500	0	0.499
IFNA16	IFNA5	9606.ENSP00000369564	9606.ENSP00000484479	0	0.610	0	0	0.610
IFNA17	IFNAR1	9606.ENSP00000411940	9606.ENSP00000270139	0	0	0.500	0	0.499
IFNA17	STAT2	9606.ENSP00000411940	9606.ENSP00000315768	0	0	0.500	0	0.499
IFNA17	SOCS3	9606.ENSP00000411940	9606.ENSP00000330341	0	0	0.500	0	0.499
IFNA17	IFNAR2	9606.ENSP00000411940	9606.ENSP00000343957	0	0	0.500	0	0.499
IFNA17	STAT1	9606.ENSP00000411940	9606.ENSP00000354394	0	0	0.500	0	0.499
IFNA17	TYK2	9606.ENSP00000411940	9606.ENSP00000431885	0	0	0.500	0	0.499
IFNA17	SOCS1	9606.ENSP00000411940	9606.ENSP00000496577	0	0	0.500	0	0.499
IFNA17	JAK1	9606.ENSP00000411940	9606.ENSP00000499900	0	0	0.500	0	0.499
IFNA17	IFNA5	9606.ENSP00000411940	9606.ENSP00000484479	0	0.542	0	0	0.542
IFNA2	IFNAR1	9606.ENSP00000369554	9606.ENSP00000270139	0	0.960	0.500	0	0.979
IFNA2	STAT2	9606.ENSP00000369554	9606.ENSP00000315768	0	0	0.500	0	0.499
IFNA2	SOCS3	9606.ENSP00000369554	9606.ENSP00000330341	0	0	0.500	0	0.499
IFNA2	IFNAR2	9606.ENSP00000369554	9606.ENSP00000343957	0	0.960	0.500	0	0.979
IFNA2	STAT1	9606.ENSP00000369554	9606.ENSP00000354394	0	0	0.500	0	0.499
IFNA2	SOCS1	9606.ENSP00000369554	9606.ENSP00000496577	0	0	0.500	0	0.499
IFNA2	JAK1	9606.ENSP00000369554	9606.ENSP00000499900	0	0	0.500	0	0.499
IFNA2	IFNA4	9606.ENSP00000369554	9606.ENSP00000412897	0	0.665	0	0	0.665
IFNA2	IFNA5	9606.ENSP00000369554	9606.ENSP00000484479	0	0.669	0	0	0.669
IFNA2	TYK2	9606.ENSP00000369554	9606.ENSP00000431885	0	0	0.500	0	0.499
IFNA21	IFNAR1	9606.ENSP00000369574	9606.ENSP00000270139	0	0	0.500	0	0.499
IFNA21	STAT2	9606.ENSP00000369574	9606.ENSP00000315768	0	0	0.500	0	0.499
IFNA21	SOCS3	9606.ENSP00000369574	9606.ENSP00000330341	0	0	0.500	0	0.499
IFNA21	IFNAR2	9606.ENSP00000369574	9606.ENSP00000343957	0	0	0.500	0	0.499
IFNA21	STAT1	9606.ENSP00000369574	9606.ENSP00000354394	0	0	0.500	0	0.499
IFNA21	IFNA6	9606.ENSP00000369574	9606.ENSP00000369558	0	0.631	0	0	0.631
IFNA21	IFNA4	9606.ENSP00000369574	9606.ENSP00000412897	0	0.469	0	0	0.469
IFNA21	JAK1	9606.ENSP00000369574	9606.ENSP00000499900	0	0	0.500	0	0.499
IFNA21	SOCS1	9606.ENSP00000369574	9606.ENSP00000496577	0	0	0.500	0	0.499
IFNA21	TYK2	9606.ENSP00000369574	9606.ENSP00000431885	0	0	0.500	0	0.499
IFNA4	IFNAR1	9606.ENSP00000412897	9606.ENSP00000270139	0	0	0.500	0	0.499
IFNA4	STAT2	9606.ENSP00000412897	9606.ENSP00000315768	0	0	0.500	0	0.499
IFNA4	SOCS3	9606.ENSP00000412897	9606.ENSP00000330341	0	0	0.500	0	0.499
IFNA4	IFNAR2	9606.ENSP00000412897	9606.ENSP00000343957	0	0	0.500	0	0.499
IFNA4	STAT1	9606.ENSP00000412897	9606.ENSP00000354394	0	0	0.500	0	0.499
IFNA4	IFNA8	9606.ENSP00000412897	9606.ENSP00000369553	0	0.653	0	0	0.653
IFNA4	SOCS1	9606.ENSP00000412897	9606.ENSP00000496577	0	0	0.500	0	0.499
IFNA4	JAK1	9606.ENSP00000412897	9606.ENSP00000499900	0	0	0.500	0	0.499
IFNA4	TYK2	9606.ENSP00000412897	9606.ENSP00000431885	0	0	0.500	0	0.499
IFNA4	IFNA5	9606.ENSP00000412897	9606.ENSP00000484479	0	0.652	0	0	0.652
IFNA5	IFNAR1	9606.ENSP00000484479	9606.ENSP00000270139	0	0	0.500	0	0.499
IFNA5	STAT2	9606.ENSP00000484479	9606.ENSP00000315768	0	0	0.500	0	0.499
IFNA5	SOCS3	9606.ENSP00000484479	9606.ENSP00000330341	0	0	0.500	0	0.499
IFNA5	IFNAR2	9606.ENSP00000484479	9606.ENSP00000343957	0	0.287	0.500	0	0.628
IFNA5	STAT1	9606.ENSP00000484479	9606.ENSP00000354394	0	0.199	0.500	0	0.582
IFNA5	IFNA6	9606.ENSP00000484479	9606.ENSP00000369558	0	0.661	0	0	0.661
IFNA5	TYK2	9606.ENSP00000484479	9606.ENSP00000431885	0	0	0.500	0	0.499
IFNA5	SOCS1	9606.ENSP00000484479	9606.ENSP00000496577	0	0	0.500	0	0.499
IFNA5	JAK1	9606.ENSP00000484479	9606.ENSP00000499900	0	0	0.500	0	0.499
IFNA6	IFNAR1	9606.ENSP00000369558	9606.ENSP00000270139	0	0	0.500	0	0.499
IFNA6	STAT2	9606.ENSP00000369558	9606.ENSP00000315768	0	0	0.500	0	0.499
IFNA6	SOCS3	9606.ENSP00000369558	9606.ENSP00000330341	0	0	0.500	0	0.499
IFNA6	IFNAR2	9606.ENSP00000369558	9606.ENSP00000343957	0	0	0.500	0	0.499
IFNA6	STAT1	9606.ENSP00000369558	9606.ENSP00000354394	0	0	0.500	0	0.499
IFNA6	SOCS1	9606.ENSP00000369558	9606.ENSP00000496577	0	0	0.500	0	0.499
IFNA6	JAK1	9606.ENSP00000369558	9606.ENSP00000499900	0	0	0.500	0	0.499
IFNA6	TYK2	9606.ENSP00000369558	9606.ENSP00000431885	0	0	0.500	0	0.499
IFNA7	TYK2	9606.ENSP00000239347	9606.ENSP00000431885	0	0	0.500	0	0.499
IFNA7	JAK1	9606.ENSP00000239347	9606.ENSP00000499900	0	0	0.500	0	0.499
IFNA7	STAT1	9606.ENSP00000239347	9606.ENSP00000354394	0	0	0.500	0	0.499
IFNA7	STAT2	9606.ENSP00000239347	9606.ENSP00000315768	0	0	0.500	0	0.499
IFNA7	SOCS1	9606.ENSP00000239347	9606.ENSP00000496577	0	0	0.500	0	0.499
IFNA7	SOCS3	9606.ENSP00000239347	9606.ENSP00000330341	0	0	0.500	0	0.499
IFNA7	IFNAR2	9606.ENSP00000239347	9606.ENSP00000343957	0	0	0.500	0	0.499
IFNA7	IFNAR1	9606.ENSP00000239347	9606.ENSP00000270139	0	0	0.500	0	0.499
IFNA8	IFNAR1	9606.ENSP00000369553	9606.ENSP00000270139	0	0.287	0.500	0	0.628
IFNA8	STAT2	9606.ENSP00000369553	9606.ENSP00000315768	0	0	0.500	0	0.499
IFNA8	SOCS3	9606.ENSP00000369553	9606.ENSP00000330341	0	0	0.500	0	0.499
IFNA8	IFNAR2	9606.ENSP00000369553	9606.ENSP00000343957	0	0.287	0.500	0	0.628
IFNA8	STAT1	9606.ENSP00000369553	9606.ENSP00000354394	0	0	0.500	0	0.499
IFNA8	SOCS1	9606.ENSP00000369553	9606.ENSP00000496577	0	0	0.500	0	0.499
IFNA8	JAK1	9606.ENSP00000369553	9606.ENSP00000499900	0	0	0.500	0	0.499
IFNA8	TYK2	9606.ENSP00000369553	9606.ENSP00000431885	0	0	0.500	0	0.499
IFNAR1	SOCS3	9606.ENSP00000270139	9606.ENSP00000330341	0	0	0.500	0	0.499
IFNAR1	JAK2	9606.ENSP00000270139	9606.ENSP00000371067	0	0	0.800	0	0.800
IFNAR1	JAK3	9606.ENSP00000270139	9606.ENSP00000432511	0	0	0.800	0	0.800
IFNAR1	STAT1	9606.ENSP00000270139	9606.ENSP00000354394	0	0.292	0.500	0	0.630
IFNAR1	IFNGR1	9606.ENSP00000270139	9606.ENSP00000356713	0	0.429	0.900	0	0.940
IFNAR1	IFNW1	9606.ENSP00000270139	9606.ENSP00000369578	0	0.946	0	0	0.946
IFNAR1	SOCS1	9606.ENSP00000270139	9606.ENSP00000496577	0	0.292	0.500	0	0.630
IFNAR1	STAT2	9606.ENSP00000270139	9606.ENSP00000315768	0	0.549	0.800	0	0.905
IFNAR1	IFNB1	9606.ENSP00000270139	9606.ENSP00000369581	0	0.643	0.500	0	0.814
IFNAR1	JAK1	9606.ENSP00000270139	9606.ENSP00000499900	0	0.362	0.900	0	0.933
IFNAR1	TYK2	9606.ENSP00000270139	9606.ENSP00000431885	0	0.943	0.900	0	0.994
IFNAR1	IFNAR2	9606.ENSP00000270139	9606.ENSP00000343957	0	0.886	0.900	0	0.988
IFNAR2	STAT2	9606.ENSP00000343957	9606.ENSP00000315768	0	0.457	0.800	0	0.886
IFNAR2	SOCS3	9606.ENSP00000343957	9606.ENSP00000330341	0	0	0.500	0	0.499
IFNAR2	SOCS1	9606.ENSP00000343957	9606.ENSP00000496577	0	0	0.500	0	0.499
IFNAR2	JAK3	9606.ENSP00000343957	9606.ENSP00000432511	0	0	0.800	0	0.800
IFNAR2	JAK2	9606.ENSP00000343957	9606.ENSP00000371067	0	0	0.800	0	0.800
IFNAR2	STAT1	9606.ENSP00000343957	9606.ENSP00000354394	0	0.457	0.500	0	0.716
IFNAR2	IFNGR1	9606.ENSP00000343957	9606.ENSP00000356713	0	0	0.900	0	0.900
IFNAR2	IFNW1	9606.ENSP00000343957	9606.ENSP00000369578	0	0.946	0	0	0.946
IFNAR2	IFNB1	9606.ENSP00000343957	9606.ENSP00000369581	0	0.287	0.500	0	0.628
IFNAR2	TYK2	9606.ENSP00000343957	9606.ENSP00000431885	0	0	0.900	0	0.900
IFNAR2	JAK1	9606.ENSP00000343957	9606.ENSP00000499900	0	0.457	0.900	0	0.943
IFNB1	STAT2	9606.ENSP00000369581	9606.ENSP00000315768	0	0	0.500	0	0.499
IFNB1	SOCS3	9606.ENSP00000369581	9606.ENSP00000330341	0	0	0.500	0	0.499
IFNB1	STAT1	9606.ENSP00000369581	9606.ENSP00000354394	0	0	0.500	0	0.499
IFNB1	SOCS1	9606.ENSP00000369581	9606.ENSP00000496577	0	0	0.500	0	0.499
IFNB1	JAK1	9606.ENSP00000369581	9606.ENSP00000499900	0	0	0.500	0	0.499
IFNB1	TYK2	9606.ENSP00000369581	9606.ENSP00000431885	0	0	0.500	0	0.499
IFNG	SOCS3	9606.ENSP00000229135	9606.ENSP00000330341	0	0	0.500	0	0.499
IFNG	SOCS1	9606.ENSP00000229135	9606.ENSP00000496577	0	0	0.500	0	0.499
IFNG	STAT1	9606.ENSP00000229135	9606.ENSP00000354394	0	0	0.500	0	0.499
IFNG	JAK1	9606.ENSP00000229135	9606.ENSP00000499900	0	0	0.500	0	0.499
IFNG	JAK2	9606.ENSP00000229135	9606.ENSP00000371067	0	0	0.500	0	0.499
IFNG	IFNGR1	9606.ENSP00000229135	9606.ENSP00000356713	0	0.960	0.900	0	0.995
IFNGR1	SOCS3	9606.ENSP00000356713	9606.ENSP00000330341	0	0	0.500	0	0.499
IFNGR1	STAT1	9606.ENSP00000356713	9606.ENSP00000354394	0	0.618	0.500	0	0.800
IFNGR1	JAK3	9606.ENSP00000356713	9606.ENSP00000432511	0	0	0.650	0	0.650
IFNGR1	TYK2	9606.ENSP00000356713	9606.ENSP00000431885	0	0	0.650	0	0.650
IFNGR1	SOCS1	9606.ENSP00000356713	9606.ENSP00000496577	0	0.166	0.500	0	0.565
IFNGR1	JAK1	9606.ENSP00000356713	9606.ENSP00000499900	0	0.457	0.900	0	0.943
IFNGR1	JAK2	9606.ENSP00000356713	9606.ENSP00000371067	0	0.457	0.900	0	0.943
IFNL1	STAT3	9606.ENSP00000329991	9606.ENSP00000264657	0	0	0.500	0	0.499
IFNL1	IL10RB	9606.ENSP00000329991	9606.ENSP00000290200	0	0	0.900	0	0.900
IFNL1	STAT5B	9606.ENSP00000329991	9606.ENSP00000293328	0	0	0.500	0	0.499
IFNL1	STAT2	9606.ENSP00000329991	9606.ENSP00000315768	0	0	0.500	0	0.499
IFNL1	IFNLR1	9606.ENSP00000329991	9606.ENSP00000327824	0	0.946	0.900	0	0.994
IFNL1	STAT5A	9606.ENSP00000329991	9606.ENSP00000341208	0	0	0.500	0	0.499
IFNL1	STAT4	9606.ENSP00000329991	9606.ENSP00000351255	0	0	0.500	0	0.499
IFNL1	STAT1	9606.ENSP00000329991	9606.ENSP00000354394	0	0.174	0.500	0	0.569
IFNL1	TYK2	9606.ENSP00000329991	9606.ENSP00000431885	0	0	0.500	0	0.499
IFNL1	JAK1	9606.ENSP00000329991	9606.ENSP00000499900	0	0	0.500	0	0.499
IFNL1	IFNL2	9606.ENSP00000329991	9606.ENSP00000333639	0	0.471	0	0	0.471
IFNL2	IL10RB	9606.ENSP00000333639	9606.ENSP00000290200	0	0	0.500	0	0.499
IFNL2	IFNLR1	9606.ENSP00000333639	9606.ENSP00000327824	0	0	0.500	0	0.499
IFNL2	JAK1	9606.ENSP00000333639	9606.ENSP00000499900	0	0	0.500	0	0.499
IFNL2	TYK2	9606.ENSP00000333639	9606.ENSP00000431885	0	0	0.500	0	0.499
IFNL2	IFNL3	9606.ENSP00000333639	9606.ENSP00000481633	0	0	0.900	0	0.900
IFNL3	IL10RB	9606.ENSP00000481633	9606.ENSP00000290200	0	0.900	0.500	0	0.947
IFNL3	IFNLR1	9606.ENSP00000481633	9606.ENSP00000327824	0	0.900	0.500	0	0.947
IFNL3	TYK2	9606.ENSP00000481633	9606.ENSP00000431885	0	0	0.500	0	0.499
IFNL3	JAK1	9606.ENSP00000481633	9606.ENSP00000499900	0	0	0.500	0	0.499
IFNLR1	STAT3	9606.ENSP00000327824	9606.ENSP00000264657	0	0	0.500	0	0.499
IFNLR1	IL10RB	9606.ENSP00000327824	9606.ENSP00000290200	0	0.900	0.900	0	0.989
IFNLR1	STAT5B	9606.ENSP00000327824	9606.ENSP00000293328	0	0	0.500	0	0.499
IFNLR1	STAT2	9606.ENSP00000327824	9606.ENSP00000315768	0	0	0.500	0	0.499
IFNLR1	STAT5A	9606.ENSP00000327824	9606.ENSP00000341208	0	0	0.500	0	0.499
IFNLR1	STAT4	9606.ENSP00000327824	9606.ENSP00000351255	0	0	0.500	0	0.499
IFNLR1	STAT1	9606.ENSP00000327824	9606.ENSP00000354394	0	0	0.500	0	0.499
IFNLR1	JAK3	9606.ENSP00000327824	9606.ENSP00000432511	0	0	0.650	0	0.650
IFNLR1	JAK2	9606.ENSP00000327824	9606.ENSP00000371067	0	0	0.650	0	0.650
IFNLR1	TYK2	9606.ENSP00000327824	9606.ENSP00000431885	0	0	0.650	0	0.650
IFNLR1	JAK1	9606.ENSP00000327824	9606.ENSP00000499900	0	0.960	0.900	0	0.995
IL10	IL10RA	9606.ENSP00000412237	9606.ENSP00000227752	0	0.960	0.900	0	0.995
IL10	STAT3	9606.ENSP00000412237	9606.ENSP00000264657	0	0.292	0.500	0	0.630
IL10	IL10RB	9606.ENSP00000412237	9606.ENSP00000290200	0	0.952	0.900	0	0.994
IL10	TYK2	9606.ENSP00000412237	9606.ENSP00000431885	0	0	0.500	0	0.499
IL10	JAK1	9606.ENSP00000412237	9606.ENSP00000499900	0	0	0.500	0	0.499
IL10RA	JAK2	9606.ENSP00000227752	9606.ENSP00000371067	0	0	0.650	0	0.650
IL10RA	JAK3	9606.ENSP00000227752	9606.ENSP00000432511	0	0	0.650	0	0.650
IL10RA	STAT3	9606.ENSP00000227752	9606.ENSP00000264657	0	0	0.500	0	0.499
IL10RA	TYK2	9606.ENSP00000227752	9606.ENSP00000431885	0	0	0.900	0	0.900
IL10RA	IL10RB	9606.ENSP00000227752	9606.ENSP00000290200	0	0.926	0.900	0	0.992
IL10RA	JAK1	9606.ENSP00000227752	9606.ENSP00000499900	0	0.943	0.900	0	0.994
IL10RB	STAT3	9606.ENSP00000290200	9606.ENSP00000264657	0	0	0.500	0	0.499
IL10RB	IL22RA1	9606.ENSP00000290200	9606.ENSP00000270800	0	0.451	0.800	0	0.885
IL10RB	STAT5A	9606.ENSP00000290200	9606.ENSP00000341208	0	0	0.500	0	0.499
IL10RB	STAT5B	9606.ENSP00000290200	9606.ENSP00000293328	0	0	0.500	0	0.499
IL10RB	STAT2	9606.ENSP00000290200	9606.ENSP00000315768	0	0	0.500	0	0.499
IL10RB	STAT1	9606.ENSP00000290200	9606.ENSP00000354394	0	0	0.500	0	0.499
IL10RB	STAT4	9606.ENSP00000290200	9606.ENSP00000351255	0	0	0.500	0	0.499
IL10RB	PTPN11	9606.ENSP00000290200	9606.ENSP00000489597	0	0	0.500	0	0.499
IL10RB	JAK3	9606.ENSP00000290200	9606.ENSP00000432511	0	0	0.650	0	0.650
IL10RB	JAK2	9606.ENSP00000290200	9606.ENSP00000371067	0	0	0.650	0	0.650
IL10RB	JAK1	9606.ENSP00000290200	9606.ENSP00000499900	0	0	0.900	0	0.900
IL10RB	IL22	9606.ENSP00000290200	9606.ENSP00000442424	0	0.615	0.500	0	0.799
IL10RB	IL20RA	9606.ENSP00000290200	9606.ENSP00000314976	0	0	0.800	0	0.800
IL10RB	TYK2	9606.ENSP00000290200	9606.ENSP00000431885	0	0	0.900	0	0.900
IL11	JAK2	9606.ENSP00000264563	9606.ENSP00000371067	0	0	0.500	0	0.499
IL11	JAK1	9606.ENSP00000264563	9606.ENSP00000499900	0	0	0.500	0	0.499
IL11	TYK2	9606.ENSP00000264563	9606.ENSP00000431885	0	0	0.500	0	0.499
IL11	IL6ST	9606.ENSP00000264563	9606.ENSP00000370698	0	0	0.500	0	0.499
IL11	IL11RA	9606.ENSP00000264563	9606.ENSP00000450565	0	0.549	0.900	0	0.952
IL11RA	IL6ST	9606.ENSP00000450565	9606.ENSP00000370698	0	0	0.800	0	0.800
IL11RA	JAK2	9606.ENSP00000450565	9606.ENSP00000371067	0	0	0.650	0	0.650
IL11RA	TYK2	9606.ENSP00000450565	9606.ENSP00000431885	0	0	0.650	0	0.650
IL11RA	JAK3	9606.ENSP00000450565	9606.ENSP00000432511	0	0	0.650	0	0.650
IL11RA	JAK1	9606.ENSP00000450565	9606.ENSP00000499900	0	0	0.650	0	0.650
IL12A	IL12B	9606.ENSP00000303231	9606.ENSP00000231228	0	0.960	0.900	0	0.995
IL12A	IL12RB2	9606.ENSP00000303231	9606.ENSP00000262345	0	0.363	0.540	0	0.694
IL12A	IL27RA	9606.ENSP00000303231	9606.ENSP00000263379	0	0	0.540	0	0.540
IL12A	STAT3	9606.ENSP00000303231	9606.ENSP00000264657	0	0	0.500	0	0.499
IL12A	STAT1	9606.ENSP00000303231	9606.ENSP00000354394	0	0	0.500	0	0.499
IL12A	JAK1	9606.ENSP00000303231	9606.ENSP00000499900	0	0	0.500	0	0.499
IL12A	STAT4	9606.ENSP00000303231	9606.ENSP00000351255	0	0	0.500	0	0.499
IL12A	TYK2	9606.ENSP00000303231	9606.ENSP00000431885	0	0	0.540	0	0.540
IL12A	JAK2	9606.ENSP00000303231	9606.ENSP00000371067	0	0	0.540	0	0.540
IL12A	IL6ST	9606.ENSP00000303231	9606.ENSP00000370698	0	0	0.500	0	0.499
IL12A	IL12RB1	9606.ENSP00000303231	9606.ENSP00000470788	0	0.526	0.540	0	0.772
IL12B	IL23A	9606.ENSP00000231228	9606.ENSP00000228534	0	0.963	0.900	0	0.996
IL12B	JAK1	9606.ENSP00000231228	9606.ENSP00000499900	0	0	0.500	0	0.499
IL12B	STAT3	9606.ENSP00000231228	9606.ENSP00000264657	0	0	0.500	0	0.499
IL12B	STAT4	9606.ENSP00000231228	9606.ENSP00000351255	0	0	0.500	0	0.499
IL12B	TYK2	9606.ENSP00000231228	9606.ENSP00000431885	0	0	0.540	0	0.540
IL12B	JAK2	9606.ENSP00000231228	9606.ENSP00000371067	0	0	0.540	0	0.540
IL12B	IL12RB2	9606.ENSP00000231228	9606.ENSP00000262345	0	0	0.540	0	0.540
IL12B	IL27RA	9606.ENSP00000231228	9606.ENSP00000263379	0	0	0.540	0	0.540
IL12B	IL23R	9606.ENSP00000231228	9606.ENSP00000321345	0	0.926	0.540	0	0.964
IL12B	IL12RB1	9606.ENSP00000231228	9606.ENSP00000470788	0	0.929	0.540	0	0.965
IL12RB1	IL23A	9606.ENSP00000470788	9606.ENSP00000228534	0	0.852	0.540	0	0.929
IL12RB1	IL12RB2	9606.ENSP00000470788	9606.ENSP00000262345	0	0	0.900	0	0.900
IL12RB1	IL27RA	9606.ENSP00000470788	9606.ENSP00000263379	0	0	0.540	0	0.540
IL12RB1	STAT3	9606.ENSP00000470788	9606.ENSP00000264657	0	0	0.500	0	0.499
IL12RB1	IL23R	9606.ENSP00000470788	9606.ENSP00000321345	0	0.852	0.900	0	0.984
IL12RB1	STAT4	9606.ENSP00000470788	9606.ENSP00000351255	0	0	0.500	0	0.499
IL12RB1	JAK2	9606.ENSP00000470788	9606.ENSP00000371067	0	0	0.900	0	0.900
IL12RB1	TYK2	9606.ENSP00000470788	9606.ENSP00000431885	0	0	0.900	0	0.900
IL12RB1	JAK3	9606.ENSP00000470788	9606.ENSP00000432511	0	0	0.650	0	0.650
IL12RB1	JAK1	9606.ENSP00000470788	9606.ENSP00000499900	0	0	0.900	0	0.900
IL12RB2	STAT1	9606.ENSP00000262345	9606.ENSP00000354394	0	0	0.500	0	0.499
IL12RB2	STAT3	9606.ENSP00000262345	9606.ENSP00000264657	0	0	0.500	0	0.499
IL12RB2	JAK3	9606.ENSP00000262345	9606.ENSP00000432511	0	0	0.650	0	0.650
IL12RB2	IL6ST	9606.ENSP00000262345	9606.ENSP00000370698	0	0	0.500	0	0.499
IL12RB2	STAT4	9606.ENSP00000262345	9606.ENSP00000351255	0	0.483	0.500	0	0.730
IL12RB2	JAK1	9606.ENSP00000262345	9606.ENSP00000499900	0	0	0.800	0	0.800
IL12RB2	TYK2	9606.ENSP00000262345	9606.ENSP00000431885	0	0	0.900	0	0.900
IL12RB2	IL27RA	9606.ENSP00000262345	9606.ENSP00000263379	0	0	0.800	0	0.800
IL12RB2	JAK2	9606.ENSP00000262345	9606.ENSP00000371067	0	0.292	0.900	0	0.926
IL13	STAT3	9606.ENSP00000304915	9606.ENSP00000264657	0	0	0.500	0	0.499
IL13	STAT6	9606.ENSP00000304915	9606.ENSP00000300134	0	0	0.500	0	0.499
IL13	STAT1	9606.ENSP00000304915	9606.ENSP00000354394	0	0	0.500	0	0.499
IL13	JAK1	9606.ENSP00000304915	9606.ENSP00000499900	0	0	0.500	0	0.499
IL13	TYK2	9606.ENSP00000304915	9606.ENSP00000431885	0	0	0.500	0	0.499
IL13	JAK2	9606.ENSP00000304915	9606.ENSP00000371067	0	0	0.500	0	0.499
IL13	IL13RA2	9606.ENSP00000304915	9606.ENSP00000361004	0	0.960	0.900	0	0.995
IL13	IL13RA1	9606.ENSP00000304915	9606.ENSP00000360730	0	0.960	0.500	0	0.979
IL13	IL4R	9606.ENSP00000304915	9606.ENSP00000379111	0	0.943	0.500	0	0.970
IL13RA1	IL4	9606.ENSP00000360730	9606.ENSP00000231449	0	0.946	0.500	0	0.971
IL13RA1	STAT3	9606.ENSP00000360730	9606.ENSP00000264657	0	0	0.500	0	0.499
IL13RA1	STAT6	9606.ENSP00000360730	9606.ENSP00000300134	0	0	0.500	0	0.499
IL13RA1	SOCS5	9606.ENSP00000360730	9606.ENSP00000305133	0	0	0.500	0	0.499
IL13RA1	STAT1	9606.ENSP00000360730	9606.ENSP00000354394	0	0	0.500	0	0.499
IL13RA1	SOCS1	9606.ENSP00000360730	9606.ENSP00000496577	0	0	0.500	0	0.499
IL13RA1	JAK3	9606.ENSP00000360730	9606.ENSP00000432511	0	0	0.650	0	0.650
IL13RA1	JAK1	9606.ENSP00000360730	9606.ENSP00000499900	0	0	0.650	0	0.650
IL13RA1	JAK2	9606.ENSP00000360730	9606.ENSP00000371067	0	0	0.650	0	0.650
IL13RA1	TYK2	9606.ENSP00000360730	9606.ENSP00000431885	0	0.292	0.900	0	0.926
IL13RA1	IL4R	9606.ENSP00000360730	9606.ENSP00000379111	0	0.946	0.800	0	0.988
IL13RA2	TYK2	9606.ENSP00000361004	9606.ENSP00000431885	0	0	0.650	0	0.650
IL13RA2	JAK3	9606.ENSP00000361004	9606.ENSP00000432511	0	0	0.650	0	0.650
IL13RA2	JAK2	9606.ENSP00000361004	9606.ENSP00000371067	0	0	0.650	0	0.650
IL13RA2	JAK1	9606.ENSP00000361004	9606.ENSP00000499900	0	0.196	0.650	0	0.706
IL13RA2	IL4R	9606.ENSP00000361004	9606.ENSP00000379111	0	0.292	0.800	0	0.852
IL15	IL2RB	9606.ENSP00000296545	9606.ENSP00000216223	0	0.957	0.500	0	0.977
IL15	SOS2	9606.ENSP00000296545	9606.ENSP00000216373	0	0	0.500	0	0.499
IL15	STAT3	9606.ENSP00000296545	9606.ENSP00000264657	0	0	0.500	0	0.499
IL15	STAT5B	9606.ENSP00000296545	9606.ENSP00000293328	0	0.079	0.500	0	0.519
IL15	SOS1	9606.ENSP00000296545	9606.ENSP00000384675	0	0	0.500	0	0.499
IL15	STAT5A	9606.ENSP00000296545	9606.ENSP00000341208	0	0	0.500	0	0.499
IL15	JAK1	9606.ENSP00000296545	9606.ENSP00000499900	0	0	0.500	0	0.499
IL15	JAK3	9606.ENSP00000296545	9606.ENSP00000432511	0	0	0.500	0	0.499
IL15	IL2RG	9606.ENSP00000296545	9606.ENSP00000363318	0	0.933	0.500	0	0.965
IL19	STAT3	9606.ENSP00000499459	9606.ENSP00000264657	0	0	0.500	0	0.499
IL19	IL20RA	9606.ENSP00000499459	9606.ENSP00000314976	0	0.363	0.500	0	0.667
IL19	IL20RB	9606.ENSP00000499459	9606.ENSP00000328133	0	0.405	0.800	0	0.875
IL19	IL20	9606.ENSP00000499459	9606.ENSP00000356065	0	0	0.900	0	0.900
IL19	IL24	9606.ENSP00000499459	9606.ENSP00000375795	0	0	0.900	0	0.900
IL19	JAK1	9606.ENSP00000499459	9606.ENSP00000499900	0	0	0.500	0	0.499
IL2	IL2RB	9606.ENSP00000226730	9606.ENSP00000216223	0	0.960	0.800	0	0.991
IL2	PIK3R2	9606.ENSP00000226730	9606.ENSP00000222254	0	0	0.400	0	0.400
IL2	PIK3CB	9606.ENSP00000226730	9606.ENSP00000501150	0	0	0.400	0	0.400
IL2	PIK3R3	9606.ENSP00000226730	9606.ENSP00000262741	0	0	0.400	0	0.400
IL2	PIK3CD	9606.ENSP00000226730	9606.ENSP00000366563	0	0	0.400	0	0.400
IL2	PIK3R1	9606.ENSP00000226730	9606.ENSP00000428056	0	0	0.400	0	0.400
IL2	SOS1	9606.ENSP00000226730	9606.ENSP00000384675	0	0	0.400	0	0.400
IL2	PIK3CA	9606.ENSP00000226730	9606.ENSP00000263967	0	0	0.400	0	0.400
IL2	PTPN6	9606.ENSP00000226730	9606.ENSP00000391592	0	0	0.500	0	0.499
IL2	STAT5B	9606.ENSP00000226730	9606.ENSP00000293328	0	0	0.500	0	0.499
IL2	STAT5A	9606.ENSP00000226730	9606.ENSP00000341208	0	0	0.500	0	0.499
IL2	JAK1	9606.ENSP00000226730	9606.ENSP00000499900	0	0	0.800	0	0.800
IL2	JAK3	9606.ENSP00000226730	9606.ENSP00000432511	0	0	0.400	0	0.400
IL2	IL2RG	9606.ENSP00000226730	9606.ENSP00000363318	0	0.960	0.400	0	0.974
IL2	IL2RA	9606.ENSP00000226730	9606.ENSP00000369293	0	0.960	0.900	0	0.995
IL20	STAT3	9606.ENSP00000356065	9606.ENSP00000264657	0	0	0.500	0	0.499
IL20	IL22RA1	9606.ENSP00000356065	9606.ENSP00000270800	0	0.405	0.500	0	0.689
IL20	IL20RA	9606.ENSP00000356065	9606.ENSP00000314976	0	0.946	0.500	0	0.971
IL20	IL20RB	9606.ENSP00000356065	9606.ENSP00000328133	0	0.937	0.800	0	0.986
IL20	JAK3	9606.ENSP00000356065	9606.ENSP00000432511	0	0	0.500	0	0.499
IL20	JAK2	9606.ENSP00000356065	9606.ENSP00000371067	0	0	0.500	0	0.499
IL20	JAK1	9606.ENSP00000356065	9606.ENSP00000499900	0	0	0.500	0	0.499
IL20	IL24	9606.ENSP00000356065	9606.ENSP00000375795	0	0	0.900	0	0.900
IL20RA	STAT3	9606.ENSP00000314976	9606.ENSP00000264657	0	0.230	0.500	0	0.598
IL20RA	STAT1	9606.ENSP00000314976	9606.ENSP00000354394	0	0	0.500	0	0.499
IL20RA	TYK2	9606.ENSP00000314976	9606.ENSP00000431885	0	0	0.650	0	0.650
IL20RA	JAK2	9606.ENSP00000314976	9606.ENSP00000371067	0	0	0.650	0	0.650
IL20RA	JAK3	9606.ENSP00000314976	9606.ENSP00000432511	0	0	0.650	0	0.650
IL20RA	JAK1	9606.ENSP00000314976	9606.ENSP00000499900	0	0	0.900	0	0.900
IL20RA	IL24	9606.ENSP00000314976	9606.ENSP00000375795	0	0	0.500	0	0.499
IL20RA	IL20RB	9606.ENSP00000314976	9606.ENSP00000328133	0	0.946	0.800	0	0.988
IL20RB	STAT3	9606.ENSP00000328133	9606.ENSP00000264657	0	0	0.500	0	0.499
IL20RB	IL22RA1	9606.ENSP00000328133	9606.ENSP00000270800	0	0.937	0.800	0	0.986
IL20RB	STAT1	9606.ENSP00000328133	9606.ENSP00000354394	0	0	0.500	0	0.499
IL20RB	TYK2	9606.ENSP00000328133	9606.ENSP00000431885	0	0	0.650	0	0.650
IL20RB	JAK3	9606.ENSP00000328133	9606.ENSP00000432511	0	0	0.650	0	0.650
IL20RB	JAK2	9606.ENSP00000328133	9606.ENSP00000371067	0	0	0.650	0	0.650
IL20RB	JAK1	9606.ENSP00000328133	9606.ENSP00000499900	0	0.140	0.650	0	0.686
IL20RB	IL24	9606.ENSP00000328133	9606.ENSP00000375795	0	0.900	0.800	0	0.979
IL21	STAT3	9606.ENSP00000497915	9606.ENSP00000264657	0	0	0.500	0	0.499
IL21	STAT5B	9606.ENSP00000497915	9606.ENSP00000293328	0	0	0.500	0	0.499
IL21	IL21R	9606.ENSP00000497915	9606.ENSP00000338010	0	0.900	0.500	0	0.947
IL21	STAT5A	9606.ENSP00000497915	9606.ENSP00000341208	0	0	0.500	0	0.499
IL21	STAT4	9606.ENSP00000497915	9606.ENSP00000351255	0	0	0.500	0	0.499
IL21	STAT1	9606.ENSP00000497915	9606.ENSP00000354394	0	0	0.500	0	0.499
IL21	IL2RG	9606.ENSP00000497915	9606.ENSP00000363318	0	0.292	0.500	0	0.630
IL21	JAK3	9606.ENSP00000497915	9606.ENSP00000432511	0	0	0.500	0	0.499
IL21	JAK1	9606.ENSP00000497915	9606.ENSP00000499900	0	0	0.500	0	0.499
IL21R	STAT3	9606.ENSP00000338010	9606.ENSP00000264657	0	0	0.500	0	0.499
IL21R	STAT5B	9606.ENSP00000338010	9606.ENSP00000293328	0	0	0.500	0	0.499
IL21R	STAT1	9606.ENSP00000338010	9606.ENSP00000354394	0	0	0.500	0	0.499
IL21R	STAT5A	9606.ENSP00000338010	9606.ENSP00000341208	0	0	0.500	0	0.499
IL21R	STAT4	9606.ENSP00000338010	9606.ENSP00000351255	0	0	0.500	0	0.499
IL21R	TYK2	9606.ENSP00000338010	9606.ENSP00000431885	0	0	0.650	0	0.650
IL21R	JAK2	9606.ENSP00000338010	9606.ENSP00000371067	0	0	0.650	0	0.650
IL21R	JAK3	9606.ENSP00000338010	9606.ENSP00000432511	0	0	0.800	0	0.800
IL21R	JAK1	9606.ENSP00000338010	9606.ENSP00000499900	0	0.292	0.900	0	0.926
IL21R	IL2RG	9606.ENSP00000338010	9606.ENSP00000363318	0	0	0.900	0	0.900
IL22	STAT3	9606.ENSP00000442424	9606.ENSP00000264657	0	0	0.500	0	0.499
IL22	IL22RA1	9606.ENSP00000442424	9606.ENSP00000270800	0	0.960	0.500	0	0.979
IL22	IL22RA2	9606.ENSP00000442424	9606.ENSP00000296980	0	0.805	0.900	0	0.979
IL22	TYK2	9606.ENSP00000442424	9606.ENSP00000431885	0	0	0.500	0	0.499
IL22	PTPN11	9606.ENSP00000442424	9606.ENSP00000489597	0	0	0.500	0	0.499
IL22	JAK1	9606.ENSP00000442424	9606.ENSP00000499900	0	0	0.500	0	0.499
IL22RA1	STAT3	9606.ENSP00000270800	9606.ENSP00000264657	0	0.440	0.500	0	0.708
IL22RA1	PTPN11	9606.ENSP00000270800	9606.ENSP00000489597	0	0	0.500	0	0.499
IL22RA1	JAK2	9606.ENSP00000270800	9606.ENSP00000371067	0	0	0.650	0	0.650
IL22RA1	JAK3	9606.ENSP00000270800	9606.ENSP00000432511	0	0	0.650	0	0.650
IL22RA1	TYK2	9606.ENSP00000270800	9606.ENSP00000431885	0	0	0.650	0	0.650
IL22RA1	JAK1	9606.ENSP00000270800	9606.ENSP00000499900	0	0	0.900	0	0.900
IL22RA1	IL24	9606.ENSP00000270800	9606.ENSP00000375795	0	0.900	0.500	0	0.947
IL22RA2	JAK1	9606.ENSP00000296980	9606.ENSP00000499900	0	0	0.650	0	0.650
IL22RA2	TYK2	9606.ENSP00000296980	9606.ENSP00000431885	0	0	0.650	0	0.650
IL22RA2	JAK3	9606.ENSP00000296980	9606.ENSP00000432511	0	0	0.650	0	0.650
IL22RA2	JAK2	9606.ENSP00000296980	9606.ENSP00000371067	0	0	0.650	0	0.650
IL23A	STAT3	9606.ENSP00000228534	9606.ENSP00000264657	0	0	0.500	0	0.499
IL23A	STAT4	9606.ENSP00000228534	9606.ENSP00000351255	0	0	0.500	0	0.499
IL23A	IL27RA	9606.ENSP00000228534	9606.ENSP00000263379	0	0	0.540	0	0.540
IL23A	TYK2	9606.ENSP00000228534	9606.ENSP00000431885	0	0	0.540	0	0.540
IL23A	JAK2	9606.ENSP00000228534	9606.ENSP00000371067	0	0	0.540	0	0.540
IL23A	IL23R	9606.ENSP00000228534	9606.ENSP00000321345	0	0.955	0.540	0	0.978
IL23R	IL27RA	9606.ENSP00000321345	9606.ENSP00000263379	0	0	0.540	0	0.540
IL23R	STAT3	9606.ENSP00000321345	9606.ENSP00000264657	0	0	0.500	0	0.499
IL23R	STAT4	9606.ENSP00000321345	9606.ENSP00000351255	0	0	0.500	0	0.499
IL23R	JAK3	9606.ENSP00000321345	9606.ENSP00000432511	0	0	0.650	0	0.650
IL23R	JAK1	9606.ENSP00000321345	9606.ENSP00000499900	0	0	0.650	0	0.650
IL23R	TYK2	9606.ENSP00000321345	9606.ENSP00000431885	0	0	0.800	0	0.800
IL23R	JAK2	9606.ENSP00000321345	9606.ENSP00000371067	0	0	0.900	0	0.900
IL24	STAT3	9606.ENSP00000375795	9606.ENSP00000264657	0	0	0.500	0	0.499
IL24	STAT1	9606.ENSP00000375795	9606.ENSP00000354394	0	0	0.500	0	0.499
IL24	JAK1	9606.ENSP00000375795	9606.ENSP00000499900	0	0	0.500	0	0.499
IL27RA	STAT3	9606.ENSP00000263379	9606.ENSP00000264657	0	0	0.500	0	0.499
IL27RA	STAT1	9606.ENSP00000263379	9606.ENSP00000354394	0	0.292	0.500	0	0.630
IL27RA	JAK3	9606.ENSP00000263379	9606.ENSP00000432511	0	0	0.650	0	0.650
IL27RA	TYK2	9606.ENSP00000263379	9606.ENSP00000431885	0	0	0.800	0	0.800
IL27RA	JAK2	9606.ENSP00000263379	9606.ENSP00000371067	0	0	0.800	0	0.800
IL27RA	JAK1	9606.ENSP00000263379	9606.ENSP00000499900	0	0.292	0.900	0	0.926
IL27RA	IL6ST	9606.ENSP00000263379	9606.ENSP00000370698	0	0.800	0.800	0	0.958
IL2RA	IL2RB	9606.ENSP00000369293	9606.ENSP00000216223	0	0.851	0.900	0	0.984
IL2RA	PIK3R2	9606.ENSP00000369293	9606.ENSP00000222254	0	0	0.400	0	0.400
IL2RA	PIK3R3	9606.ENSP00000369293	9606.ENSP00000262741	0	0	0.400	0	0.400
IL2RA	PIK3CA	9606.ENSP00000369293	9606.ENSP00000263967	0	0	0.400	0	0.400
IL2RA	STAT5B	9606.ENSP00000369293	9606.ENSP00000293328	0	0.292	0.500	0	0.630
IL2RA	STAT5A	9606.ENSP00000369293	9606.ENSP00000341208	0	0.627	0.500	0	0.805
IL2RA	IL2RG	9606.ENSP00000369293	9606.ENSP00000363318	0	0.800	0.900	0	0.979
IL2RA	PIK3CD	9606.ENSP00000369293	9606.ENSP00000366563	0	0	0.400	0	0.400
IL2RA	PIK3R1	9606.ENSP00000369293	9606.ENSP00000428056	0	0	0.400	0	0.400
IL2RA	PIK3CB	9606.ENSP00000369293	9606.ENSP00000501150	0	0	0.400	0	0.400
IL2RA	SOS1	9606.ENSP00000369293	9606.ENSP00000384675	0	0	0.400	0	0.400
IL2RA	PTPN6	9606.ENSP00000369293	9606.ENSP00000391592	0	0	0.500	0	0.499
IL2RA	TYK2	9606.ENSP00000369293	9606.ENSP00000431885	0	0	0.650	0	0.650
IL2RA	JAK2	9606.ENSP00000369293	9606.ENSP00000371067	0	0	0.800	0	0.800
IL2RA	JAK1	9606.ENSP00000369293	9606.ENSP00000499900	0	0	0.900	0	0.900
IL2RA	JAK3	9606.ENSP00000369293	9606.ENSP00000432511	0	0	0.900	0	0.900
IL2RB	PIK3R2	9606.ENSP00000216223	9606.ENSP00000222254	0	0	0.400	0	0.400
IL2RB	SOS1	9606.ENSP00000216223	9606.ENSP00000384675	0	0	0.400	0	0.400
IL2RB	PIK3CD	9606.ENSP00000216223	9606.ENSP00000366563	0	0	0.400	0	0.400
IL2RB	PIK3CB	9606.ENSP00000216223	9606.ENSP00000501150	0	0	0.400	0	0.400
IL2RB	PIK3CA	9606.ENSP00000216223	9606.ENSP00000263967	0	0	0.400	0	0.400
IL2RB	PIK3R3	9606.ENSP00000216223	9606.ENSP00000262741	0	0	0.400	0	0.400
IL2RB	SOCS1	9606.ENSP00000216223	9606.ENSP00000496577	0	0.420	0	0	0.420
IL2RB	PTPN6	9606.ENSP00000216223	9606.ENSP00000391592	0	0	0.500	0	0.499
IL2RB	SOS2	9606.ENSP00000216223	9606.ENSP00000216373	0	0	0.500	0	0.499
IL2RB	PIK3R1	9606.ENSP00000216223	9606.ENSP00000428056	0	0.292	0.400	0	0.557
IL2RB	TYK2	9606.ENSP00000216223	9606.ENSP00000431885	0	0	0.650	0	0.650
IL2RB	STAT5B	9606.ENSP00000216223	9606.ENSP00000293328	0	0.292	0.500	0	0.630
IL2RB	STAT3	9606.ENSP00000216223	9606.ENSP00000264657	0	0.292	0.500	0	0.630
IL2RB	STAT5A	9606.ENSP00000216223	9606.ENSP00000341208	0	0.457	0.500	0	0.716
IL2RB	JAK2	9606.ENSP00000216223	9606.ENSP00000371067	0	0.292	0.800	0	0.852
IL2RB	JAK3	9606.ENSP00000216223	9606.ENSP00000432511	0	0.292	0.900	0	0.926
IL2RB	JAK1	9606.ENSP00000216223	9606.ENSP00000499900	0	0.457	0.900	0	0.943
IL2RB	IL2RG	9606.ENSP00000216223	9606.ENSP00000363318	0	0.950	0.900	0	0.994
IL2RG	SOS2	9606.ENSP00000363318	9606.ENSP00000216373	0	0	0.500	0	0.499
IL2RG	PIK3R2	9606.ENSP00000363318	9606.ENSP00000222254	0	0	0.400	0	0.400
IL2RG	IL4	9606.ENSP00000363318	9606.ENSP00000231449	0	0.960	0.500	0	0.979
IL2RG	IL9R	9606.ENSP00000363318	9606.ENSP00000244174	0	0	0.800	0	0.800
IL2RG	PIK3R3	9606.ENSP00000363318	9606.ENSP00000262741	0	0	0.400	0	0.400
IL2RG	IL7	9606.ENSP00000363318	9606.ENSP00000263851	0	0.483	0.500	0	0.730
IL2RG	PIK3CA	9606.ENSP00000363318	9606.ENSP00000263967	0	0	0.400	0	0.400
IL2RG	STAT3	9606.ENSP00000363318	9606.ENSP00000264657	0	0	0.500	0	0.499
IL2RG	IL9	9606.ENSP00000363318	9606.ENSP00000274520	0	0	0.500	0	0.499
IL2RG	STAT5B	9606.ENSP00000363318	9606.ENSP00000293328	0	0	0.500	0	0.499
IL2RG	STAT6	9606.ENSP00000363318	9606.ENSP00000300134	0	0	0.500	0	0.499
IL2RG	IL7R	9606.ENSP00000363318	9606.ENSP00000306157	0	0.201	0.800	0	0.833
IL2RG	STAT5A	9606.ENSP00000363318	9606.ENSP00000341208	0	0	0.500	0	0.499
IL2RG	STAT4	9606.ENSP00000363318	9606.ENSP00000351255	0	0	0.500	0	0.499
IL2RG	STAT1	9606.ENSP00000363318	9606.ENSP00000354394	0	0	0.500	0	0.499
IL2RG	PIK3CD	9606.ENSP00000363318	9606.ENSP00000366563	0	0	0.400	0	0.400
IL2RG	SOS1	9606.ENSP00000363318	9606.ENSP00000384675	0	0	0.400	0	0.400
IL2RG	PIK3CB	9606.ENSP00000363318	9606.ENSP00000501150	0	0	0.400	0	0.400
IL2RG	PIK3R1	9606.ENSP00000363318	9606.ENSP00000428056	0	0	0.400	0	0.400
IL2RG	PTPN6	9606.ENSP00000363318	9606.ENSP00000391592	0	0	0.500	0	0.499
IL2RG	TYK2	9606.ENSP00000363318	9606.ENSP00000431885	0	0	0.650	0	0.650
IL2RG	JAK2	9606.ENSP00000363318	9606.ENSP00000371067	0	0.292	0.800	0	0.852
IL2RG	JAK1	9606.ENSP00000363318	9606.ENSP00000499900	0	0.292	0.900	0	0.926
IL2RG	JAK3	9606.ENSP00000363318	9606.ENSP00000432511	0	0.457	0.900	0	0.943
IL2RG	IL4R	9606.ENSP00000363318	9606.ENSP00000379111	0	0.960	0.900	0	0.995
IL3	PIK3R2	9606.ENSP00000296870	9606.ENSP00000222254	0	0	0.400	0	0.400
IL3	IL5	9606.ENSP00000296870	9606.ENSP00000231454	0	0	0.400	0	0.400
IL3	PIK3R3	9606.ENSP00000296870	9606.ENSP00000262741	0	0	0.400	0	0.400
IL3	PIK3CA	9606.ENSP00000296870	9606.ENSP00000263967	0	0	0.400	0	0.400
IL3	STAT5B	9606.ENSP00000296870	9606.ENSP00000293328	0	0	0.500	0	0.499
IL3	SOS1	9606.ENSP00000296870	9606.ENSP00000384675	0	0	0.400	0	0.400
IL3	PIK3R1	9606.ENSP00000296870	9606.ENSP00000428056	0	0	0.400	0	0.400
IL3	PIK3CD	9606.ENSP00000296870	9606.ENSP00000366563	0	0	0.400	0	0.400
IL3	PIK3CB	9606.ENSP00000296870	9606.ENSP00000501150	0	0	0.400	0	0.400
IL3	PTPN6	9606.ENSP00000296870	9606.ENSP00000391592	0	0	0.500	0	0.499
IL3	PTPN11	9606.ENSP00000296870	9606.ENSP00000489597	0	0	0.500	0	0.499
IL3	STAT5A	9606.ENSP00000296870	9606.ENSP00000341208	0	0	0.500	0	0.499
IL3	JAK2	9606.ENSP00000296870	9606.ENSP00000371067	0	0	0.400	0	0.400
IL3	IL5RA	9606.ENSP00000296870	9606.ENSP00000412209	0	0	0.400	0	0.400
IL3	IL3RA	9606.ENSP00000296870	9606.ENSP00000327890	0	0.943	0.900	0	0.994
IL3RA	PIK3R2	9606.ENSP00000327890	9606.ENSP00000222254	0	0	0.400	0	0.400
IL3RA	IL5	9606.ENSP00000327890	9606.ENSP00000231454	0	0	0.400	0	0.400
IL3RA	PIK3R3	9606.ENSP00000327890	9606.ENSP00000262741	0	0	0.400	0	0.400
IL3RA	PIK3CA	9606.ENSP00000327890	9606.ENSP00000263967	0	0	0.400	0	0.400
IL3RA	STAT5B	9606.ENSP00000327890	9606.ENSP00000293328	0	0	0.500	0	0.499
IL3RA	SOS1	9606.ENSP00000327890	9606.ENSP00000384675	0	0	0.400	0	0.400
IL3RA	PIK3R1	9606.ENSP00000327890	9606.ENSP00000428056	0	0	0.400	0	0.400
IL3RA	PIK3CD	9606.ENSP00000327890	9606.ENSP00000366563	0	0	0.400	0	0.400
IL3RA	PIK3CB	9606.ENSP00000327890	9606.ENSP00000501150	0	0	0.400	0	0.400
IL3RA	IL5RA	9606.ENSP00000327890	9606.ENSP00000412209	0	0	0.400	0	0.400
IL3RA	PTPN6	9606.ENSP00000327890	9606.ENSP00000391592	0	0	0.500	0	0.499
IL3RA	PTPN11	9606.ENSP00000327890	9606.ENSP00000489597	0	0	0.500	0	0.499
IL3RA	STAT5A	9606.ENSP00000327890	9606.ENSP00000341208	0	0	0.500	0	0.499
IL3RA	TYK2	9606.ENSP00000327890	9606.ENSP00000431885	0	0	0.650	0	0.650
IL3RA	JAK2	9606.ENSP00000327890	9606.ENSP00000371067	0	0	0.800	0	0.800
IL3RA	JAK1	9606.ENSP00000327890	9606.ENSP00000499900	0	0	0.800	0	0.800
IL3RA	JAK3	9606.ENSP00000327890	9606.ENSP00000432511	0	0	0.800	0	0.800
IL4	SOCS1	9606.ENSP00000231449	9606.ENSP00000496577	0	0	0.500	0	0.499
IL4	SOCS5	9606.ENSP00000231449	9606.ENSP00000305133	0	0	0.500	0	0.499
IL4	TYK2	9606.ENSP00000231449	9606.ENSP00000431885	0	0	0.500	0	0.499
IL4	STAT3	9606.ENSP00000231449	9606.ENSP00000264657	0	0	0.500	0	0.499
IL4	JAK2	9606.ENSP00000231449	9606.ENSP00000371067	0	0	0.500	0	0.499
IL4	JAK1	9606.ENSP00000231449	9606.ENSP00000499900	0	0	0.500	0	0.499
IL4	STAT6	9606.ENSP00000231449	9606.ENSP00000300134	0	0	0.500	0	0.499
IL4	JAK3	9606.ENSP00000231449	9606.ENSP00000432511	0	0	0.500	0	0.499
IL4	IL4R	9606.ENSP00000231449	9606.ENSP00000379111	0	0.972	0.500	0	0.985
IL4R	STAT3	9606.ENSP00000379111	9606.ENSP00000264657	0	0	0.500	0	0.499
IL4R	STAT6	9606.ENSP00000379111	9606.ENSP00000300134	0	0.483	0.500	0	0.730
IL4R	SOCS5	9606.ENSP00000379111	9606.ENSP00000305133	0	0.292	0.500	0	0.630
IL4R	STAT1	9606.ENSP00000379111	9606.ENSP00000354394	0	0	0.500	0	0.499
IL4R	JAK2	9606.ENSP00000379111	9606.ENSP00000371067	0	0.292	0.900	0	0.926
IL4R	PTPN6	9606.ENSP00000379111	9606.ENSP00000391592	0	0.457	0	0	0.457
IL4R	SOCS1	9606.ENSP00000379111	9606.ENSP00000496577	0	0	0.500	0	0.499
IL4R	TYK2	9606.ENSP00000379111	9606.ENSP00000431885	0	0.220	0.650	0	0.715
IL4R	JAK3	9606.ENSP00000379111	9606.ENSP00000432511	0	0.292	0.900	0	0.926
IL4R	JAK1	9606.ENSP00000379111	9606.ENSP00000499900	0	0.457	0.900	0	0.943
IL5	PIK3R2	9606.ENSP00000231454	9606.ENSP00000222254	0	0	0.400	0	0.400
IL5	SOS1	9606.ENSP00000231454	9606.ENSP00000384675	0	0	0.400	0	0.400
IL5	PIK3R1	9606.ENSP00000231454	9606.ENSP00000428056	0	0	0.400	0	0.400
IL5	PIK3R3	9606.ENSP00000231454	9606.ENSP00000262741	0	0	0.400	0	0.400
IL5	PIK3CA	9606.ENSP00000231454	9606.ENSP00000263967	0	0	0.400	0	0.400
IL5	PIK3CB	9606.ENSP00000231454	9606.ENSP00000501150	0	0	0.400	0	0.400
IL5	PIK3CD	9606.ENSP00000231454	9606.ENSP00000366563	0	0	0.400	0	0.400
IL5	PTPN6	9606.ENSP00000231454	9606.ENSP00000391592	0	0	0.500	0	0.499
IL5	PTPN11	9606.ENSP00000231454	9606.ENSP00000489597	0	0	0.500	0	0.499
IL5	STAT5A	9606.ENSP00000231454	9606.ENSP00000341208	0	0	0.500	0	0.499
IL5	STAT5B	9606.ENSP00000231454	9606.ENSP00000293328	0	0	0.500	0	0.499
IL5	JAK2	9606.ENSP00000231454	9606.ENSP00000371067	0	0	0.400	0	0.400
IL5	IL5RA	9606.ENSP00000231454	9606.ENSP00000412209	0	0.960	0.800	0	0.991
IL5RA	PIK3R2	9606.ENSP00000412209	9606.ENSP00000222254	0	0	0.400	0	0.400
IL5RA	PIK3R3	9606.ENSP00000412209	9606.ENSP00000262741	0	0	0.400	0	0.400
IL5RA	PIK3CA	9606.ENSP00000412209	9606.ENSP00000263967	0	0	0.400	0	0.400
IL5RA	STAT5B	9606.ENSP00000412209	9606.ENSP00000293328	0	0	0.500	0	0.499
IL5RA	STAT5A	9606.ENSP00000412209	9606.ENSP00000341208	0	0	0.500	0	0.499
IL5RA	PIK3CD	9606.ENSP00000412209	9606.ENSP00000366563	0	0	0.400	0	0.400
IL5RA	JAK2	9606.ENSP00000412209	9606.ENSP00000371067	0	0.292	0.650	0	0.741
IL5RA	SOS1	9606.ENSP00000412209	9606.ENSP00000384675	0	0	0.400	0	0.400
IL5RA	PTPN6	9606.ENSP00000412209	9606.ENSP00000391592	0	0	0.500	0	0.499
IL5RA	PIK3R1	9606.ENSP00000412209	9606.ENSP00000428056	0	0	0.400	0	0.400
IL5RA	PIK3CB	9606.ENSP00000412209	9606.ENSP00000501150	0	0	0.400	0	0.400
IL5RA	PTPN11	9606.ENSP00000412209	9606.ENSP00000489597	0	0	0.500	0	0.499
IL5RA	JAK3	9606.ENSP00000412209	9606.ENSP00000432511	0	0	0.650	0	0.650
IL5RA	TYK2	9606.ENSP00000412209	9606.ENSP00000431885	0	0	0.650	0	0.650
IL5RA	JAK1	9606.ENSP00000412209	9606.ENSP00000499900	0	0.292	0.650	0	0.741
IL6	STAT3	9606.ENSP00000385675	9606.ENSP00000264657	0	0	0.500	0	0.499
IL6	SOCS3	9606.ENSP00000385675	9606.ENSP00000330341	0	0	0.500	0	0.499
IL6	STAT1	9606.ENSP00000385675	9606.ENSP00000354394	0	0	0.500	0	0.499
IL6	IL6R	9606.ENSP00000385675	9606.ENSP00000357470	0	0.967	0.900	0	0.996
IL6	IL6ST	9606.ENSP00000385675	9606.ENSP00000370698	0	0.967	0.720	0	0.990
IL6	JAK2	9606.ENSP00000385675	9606.ENSP00000371067	0	0	0.500	0	0.499
IL6	PTPN11	9606.ENSP00000385675	9606.ENSP00000489597	0	0	0.500	0	0.499
IL6	JAK1	9606.ENSP00000385675	9606.ENSP00000499900	0	0	0.500	0	0.499
IL6	TYK2	9606.ENSP00000385675	9606.ENSP00000431885	0	0	0.500	0	0.499
IL6R	STAT3	9606.ENSP00000357470	9606.ENSP00000264657	0	0.292	0.500	0	0.630
IL6R	SOCS3	9606.ENSP00000357470	9606.ENSP00000330341	0	0	0.500	0	0.499
IL6R	STAT1	9606.ENSP00000357470	9606.ENSP00000354394	0	0	0.500	0	0.499
IL6R	PTPN11	9606.ENSP00000357470	9606.ENSP00000489597	0	0	0.500	0	0.499
IL6R	JAK2	9606.ENSP00000357470	9606.ENSP00000371067	0	0	0.800	0	0.800
IL6R	JAK3	9606.ENSP00000357470	9606.ENSP00000432511	0	0	0.800	0	0.800
IL6R	TYK2	9606.ENSP00000357470	9606.ENSP00000431885	0	0	0.650	0	0.650
IL6R	JAK1	9606.ENSP00000357470	9606.ENSP00000499900	0	0.292	0.800	0	0.852
IL6R	IL6ST	9606.ENSP00000357470	9606.ENSP00000370698	0	0.943	0.900	0	0.994
IL6ST	OSM	9606.ENSP00000370698	9606.ENSP00000215781	0	0.457	0.500	0	0.716
IL6ST	LIF	9606.ENSP00000370698	9606.ENSP00000249075	0	0.960	0.500	0	0.979
IL6ST	STAT3	9606.ENSP00000370698	9606.ENSP00000264657	0	0.292	0.500	0	0.630
IL6ST	OSMR	9606.ENSP00000370698	9606.ENSP00000274276	0	0.457	0.800	0	0.886
IL6ST	SOCS3	9606.ENSP00000370698	9606.ENSP00000330341	0	0.457	0.500	0	0.716
IL6ST	STAT4	9606.ENSP00000370698	9606.ENSP00000351255	0	0	0.500	0	0.499
IL6ST	STAT1	9606.ENSP00000370698	9606.ENSP00000354394	0	0.370	0.500	0	0.671
IL6ST	JAK3	9606.ENSP00000370698	9606.ENSP00000432511	0	0	0.650	0	0.650
IL6ST	PTPN11	9606.ENSP00000370698	9606.ENSP00000489597	0	0.457	0.500	0	0.716
IL6ST	TYK2	9606.ENSP00000370698	9606.ENSP00000431885	0	0.292	0.650	0	0.741
IL6ST	JAK2	9606.ENSP00000370698	9606.ENSP00000371067	0	0.292	0.800	0	0.852
IL6ST	JAK1	9606.ENSP00000370698	9606.ENSP00000499900	0	0.691	0.900	0	0.967
IL6ST	LIFR	9606.ENSP00000370698	9606.ENSP00000398368	0	0.457	0.900	0	0.943
IL7	PIK3R2	9606.ENSP00000263851	9606.ENSP00000222254	0	0	0.500	0	0.499
IL7	PIK3R3	9606.ENSP00000263851	9606.ENSP00000262741	0	0	0.500	0	0.499
IL7	PIK3R1	9606.ENSP00000263851	9606.ENSP00000428056	0	0	0.500	0	0.499
IL7	STAT5B	9606.ENSP00000263851	9606.ENSP00000293328	0	0	0.500	0	0.499
IL7	STAT5A	9606.ENSP00000263851	9606.ENSP00000341208	0	0	0.500	0	0.499
IL7	JAK1	9606.ENSP00000263851	9606.ENSP00000499900	0	0	0.500	0	0.499
IL7	JAK3	9606.ENSP00000263851	9606.ENSP00000432511	0	0	0.500	0	0.499
IL7	IL7R	9606.ENSP00000263851	9606.ENSP00000306157	0	0.960	0.500	0	0.979
IL7R	PIK3R2	9606.ENSP00000306157	9606.ENSP00000222254	0	0	0.500	0	0.499
IL7R	PIK3R3	9606.ENSP00000306157	9606.ENSP00000262741	0	0	0.500	0	0.499
IL7R	STAT3	9606.ENSP00000306157	9606.ENSP00000264657	0	0	0.500	0	0.499
IL7R	STAT5B	9606.ENSP00000306157	9606.ENSP00000293328	0	0	0.500	0	0.499
IL7R	PIK3R1	9606.ENSP00000306157	9606.ENSP00000428056	0	0.292	0.500	0	0.630
IL7R	TYK2	9606.ENSP00000306157	9606.ENSP00000431885	0	0	0.650	0	0.650
IL7R	STAT5A	9606.ENSP00000306157	9606.ENSP00000341208	0	0	0.500	0	0.499
IL7R	JAK2	9606.ENSP00000306157	9606.ENSP00000371067	0	0	0.800	0	0.800
IL7R	JAK3	9606.ENSP00000306157	9606.ENSP00000432511	0	0.292	0.800	0	0.852
IL7R	JAK1	9606.ENSP00000306157	9606.ENSP00000499900	0	0	0.900	0	0.900
IL7R	TSLP	9606.ENSP00000306157	9606.ENSP00000339804	0	0.909	0.500	0	0.952
IL9	IL9R	9606.ENSP00000274520	9606.ENSP00000244174	0	0.813	0.500	0	0.902
IL9	STAT3	9606.ENSP00000274520	9606.ENSP00000264657	0	0	0.500	0	0.499
IL9	STAT1	9606.ENSP00000274520	9606.ENSP00000354394	0	0	0.500	0	0.499
IL9	STAT5B	9606.ENSP00000274520	9606.ENSP00000293328	0	0	0.500	0	0.499
IL9	STAT5A	9606.ENSP00000274520	9606.ENSP00000341208	0	0	0.500	0	0.499
IL9	JAK1	9606.ENSP00000274520	9606.ENSP00000499900	0	0	0.500	0	0.499
IL9	JAK3	9606.ENSP00000274520	9606.ENSP00000432511	0	0	0.500	0	0.499
IL9R	STAT5A	9606.ENSP00000244174	9606.ENSP00000341208	0	0	0.500	0	0.499
IL9R	STAT1	9606.ENSP00000244174	9606.ENSP00000354394	0	0	0.500	0	0.499
IL9R	STAT3	9606.ENSP00000244174	9606.ENSP00000264657	0	0	0.500	0	0.499
IL9R	STAT5B	9606.ENSP00000244174	9606.ENSP00000293328	0	0	0.500	0	0.499
IL9R	TYK2	9606.ENSP00000244174	9606.ENSP00000431885	0	0	0.650	0	0.650
IL9R	JAK2	9606.ENSP00000244174	9606.ENSP00000371067	0	0	0.650	0	0.650
IL9R	JAK3	9606.ENSP00000244174	9606.ENSP00000432511	0	0	0.650	0	0.650
IL9R	JAK1	9606.ENSP00000244174	9606.ENSP00000499900	0	0.292	0.900	0	0.926
IRF9	STAT3	9606.ENSP00000380073	9606.ENSP00000264657	0	0.356	0.900	0	0.932
IRF9	STAT5B	9606.ENSP00000380073	9606.ENSP00000293328	0	0.074	0.900	0	0.903
IRF9	STAT6	9606.ENSP00000380073	9606.ENSP00000300134	0	0.074	0.900	0	0.903
IRF9	STAT2	9606.ENSP00000380073	9606.ENSP00000315768	0	0.695	0.900	0	0.968
IRF9	STAT5A	9606.ENSP00000380073	9606.ENSP00000341208	0	0.074	0.900	0	0.903
IRF9	STAT4	9606.ENSP00000380073	9606.ENSP00000351255	0	0.128	0.900	0	0.909
IRF9	STAT1	9606.ENSP00000380073	9606.ENSP00000354394	0	0.569	0.900	0	0.955
JAK1	OSM	9606.ENSP00000499900	9606.ENSP00000215781	0	0	0.500	0	0.499
JAK1	SOS2	9606.ENSP00000499900	9606.ENSP00000216373	0	0	0.500	0	0.499
JAK1	PIK3R2	9606.ENSP00000499900	9606.ENSP00000222254	0	0	0.400	0	0.400
JAK1	LIF	9606.ENSP00000499900	9606.ENSP00000249075	0	0	0.500	0	0.499
JAK1	PDGFRA	9606.ENSP00000499900	9606.ENSP00000257290	0	0	0.650	0	0.650
JAK1	PDGFRB	9606.ENSP00000499900	9606.ENSP00000261799	0	0	0.650	0	0.650
JAK1	PIK3R3	9606.ENSP00000499900	9606.ENSP00000262741	0	0	0.400	0	0.400
JAK1	STAM2	9606.ENSP00000499900	9606.ENSP00000263904	0	0.457	0	0	0.457
JAK1	PIK3CA	9606.ENSP00000499900	9606.ENSP00000263967	0	0	0.400	0	0.400
JAK1	STAT3	9606.ENSP00000499900	9606.ENSP00000264657	0	0.457	0.500	0	0.716
JAK1	OSMR	9606.ENSP00000499900	9606.ENSP00000274276	0	0.530	0.900	0	0.950
JAK1	STAT5B	9606.ENSP00000499900	9606.ENSP00000293328	0	0.292	0.500	0	0.630
JAK1	STAT6	9606.ENSP00000499900	9606.ENSP00000300134	0	0.292	0.500	0	0.630
JAK1	STAT2	9606.ENSP00000499900	9606.ENSP00000315768	0	0	0.800	0	0.800
JAK1	SOCS3	9606.ENSP00000499900	9606.ENSP00000330341	0	0.505	0.900	0	0.948
JAK1	LEPR	9606.ENSP00000499900	9606.ENSP00000330393	0	0	0.650	0	0.650
JAK1	STAT5A	9606.ENSP00000499900	9606.ENSP00000341208	0	0.292	0.500	0	0.630
JAK1	STAT4	9606.ENSP00000499900	9606.ENSP00000351255	0	0	0.500	0	0.499
JAK1	STAT1	9606.ENSP00000499900	9606.ENSP00000354394	0	0.457	0.400	0	0.660
JAK1	MPL	9606.ENSP00000499900	9606.ENSP00000361548	0	0	0.650	0	0.650
JAK1	PIK3CD	9606.ENSP00000499900	9606.ENSP00000366563	0	0	0.400	0	0.400
JAK1	JAK2	9606.ENSP00000499900	9606.ENSP00000371067	0	0.457	0.900	0	0.943
JAK1	SOS1	9606.ENSP00000499900	9606.ENSP00000384675	0	0	0.400	0	0.400
JAK1	PTPN6	9606.ENSP00000499900	9606.ENSP00000391592	0	0.292	0.500	0	0.630
JAK1	LIFR	9606.ENSP00000499900	9606.ENSP00000398368	0	0	0.650	0	0.650
JAK1	PIK3R1	9606.ENSP00000499900	9606.ENSP00000428056	0	0	0.400	0	0.400
JAK1	TYK2	9606.ENSP00000499900	9606.ENSP00000431885	0	0.292	0.900	0	0.926
JAK1	JAK3	9606.ENSP00000499900	9606.ENSP00000432511	0	0.457	0.900	0	0.943
JAK1	PRLR	9606.ENSP00000499900	9606.ENSP00000482954	0	0	0.800	0	0.800
JAK1	PTPN11	9606.ENSP00000499900	9606.ENSP00000489597	0	0.457	0.500	0	0.716
JAK1	SOCS1	9606.ENSP00000499900	9606.ENSP00000496577	0	0.457	0.900	0	0.943
JAK1	PIK3CB	9606.ENSP00000499900	9606.ENSP00000501150	0	0	0.400	0	0.400
JAK2	OSM	9606.ENSP00000371067	9606.ENSP00000215781	0	0	0.500	0	0.499
JAK2	PIK3R2	9606.ENSP00000371067	9606.ENSP00000222254	0	0	0.400	0	0.400
JAK2	LIF	9606.ENSP00000371067	9606.ENSP00000249075	0	0	0.500	0	0.499
JAK2	PDGFRA	9606.ENSP00000371067	9606.ENSP00000257290	0	0	0.650	0	0.650
JAK2	PDGFRB	9606.ENSP00000371067	9606.ENSP00000261799	0	0	0.650	0	0.650
JAK2	PIK3R3	9606.ENSP00000371067	9606.ENSP00000262741	0	0	0.400	0	0.400
JAK2	PIK3CA	9606.ENSP00000371067	9606.ENSP00000263967	0	0	0.400	0	0.400
JAK2	STAT3	9606.ENSP00000371067	9606.ENSP00000264657	0	0.457	0.500	0	0.716
JAK2	OSMR	9606.ENSP00000371067	9606.ENSP00000274276	0	0	0.800	0	0.800
JAK2	STAT5B	9606.ENSP00000371067	9606.ENSP00000293328	0	0.457	0.500	0	0.716
JAK2	STAT6	9606.ENSP00000371067	9606.ENSP00000300134	0	0	0.500	0	0.499
JAK2	PRL	9606.ENSP00000371067	9606.ENSP00000302150	0	0	0.500	0	0.499
JAK2	SOCS5	9606.ENSP00000371067	9606.ENSP00000305133	0	0.041	0.500	0	0.499
JAK2	LEP	9606.ENSP00000371067	9606.ENSP00000312652	0	0	0.500	0	0.499
JAK2	SOCS3	9606.ENSP00000371067	9606.ENSP00000330341	0	0.669	0.500	0	0.827
JAK2	LEPR	9606.ENSP00000371067	9606.ENSP00000330393	0	0.926	0.700	0	0.976
JAK2	STAT5A	9606.ENSP00000371067	9606.ENSP00000341208	0	0.457	0.500	0	0.716
JAK2	STAT4	9606.ENSP00000371067	9606.ENSP00000351255	0	0	0.500	0	0.499
JAK2	STAT1	9606.ENSP00000371067	9606.ENSP00000354394	0	0.457	0.500	0	0.716
JAK2	MPL	9606.ENSP00000371067	9606.ENSP00000361548	0	0.457	0.650	0	0.801
JAK2	PIK3CD	9606.ENSP00000371067	9606.ENSP00000366563	0	0	0.400	0	0.400
JAK2	SOS1	9606.ENSP00000371067	9606.ENSP00000384675	0	0	0.400	0	0.400
JAK2	PIK3CB	9606.ENSP00000371067	9606.ENSP00000501150	0	0	0.400	0	0.400
JAK2	SOCS2	9606.ENSP00000371067	9606.ENSP00000481249	0	0	0.500	0	0.499
JAK2	PIK3R1	9606.ENSP00000371067	9606.ENSP00000428056	0	0.457	0.400	0	0.660
JAK2	PTPN6	9606.ENSP00000371067	9606.ENSP00000391592	0	0.457	0.500	0	0.716
JAK2	LIFR	9606.ENSP00000371067	9606.ENSP00000398368	0	0	0.650	0	0.650
JAK2	PTPN11	9606.ENSP00000371067	9606.ENSP00000489597	0	0.457	0.500	0	0.716
JAK2	JAK3	9606.ENSP00000371067	9606.ENSP00000432511	0	0.292	0.900	0	0.926
JAK2	PRLR	9606.ENSP00000371067	9606.ENSP00000482954	0	0.457	0.900	0	0.943
JAK2	TYK2	9606.ENSP00000371067	9606.ENSP00000431885	0	0.292	0.800	0	0.852
JAK2	SOCS1	9606.ENSP00000371067	9606.ENSP00000496577	0	0.457	0.900	0	0.943
JAK3	SOS2	9606.ENSP00000432511	9606.ENSP00000216373	0	0	0.500	0	0.499
JAK3	PIK3R2	9606.ENSP00000432511	9606.ENSP00000222254	0	0.129	0.400	0	0.455
JAK3	PDGFRA	9606.ENSP00000432511	9606.ENSP00000257290	0	0	0.650	0	0.650
JAK3	PDGFRB	9606.ENSP00000432511	9606.ENSP00000261799	0	0	0.650	0	0.650
JAK3	PIK3R3	9606.ENSP00000432511	9606.ENSP00000262741	0	0	0.400	0	0.400
JAK3	PIK3CA	9606.ENSP00000432511	9606.ENSP00000263967	0	0	0.400	0	0.400
JAK3	STAT3	9606.ENSP00000432511	9606.ENSP00000264657	0	0.292	0.500	0	0.630
JAK3	OSMR	9606.ENSP00000432511	9606.ENSP00000274276	0	0	0.800	0	0.800
JAK3	STAT5B	9606.ENSP00000432511	9606.ENSP00000293328	0	0.230	0.500	0	0.598
JAK3	STAT6	9606.ENSP00000432511	9606.ENSP00000300134	0	0.292	0.500	0	0.630
JAK3	LEPR	9606.ENSP00000432511	9606.ENSP00000330393	0	0.292	0.650	0	0.741
JAK3	STAT5A	9606.ENSP00000432511	9606.ENSP00000341208	0	0.457	0.500	0	0.716
JAK3	STAT4	9606.ENSP00000432511	9606.ENSP00000351255	0	0	0.500	0	0.499
JAK3	STAT1	9606.ENSP00000432511	9606.ENSP00000354394	0	0	0.500	0	0.499
JAK3	MPL	9606.ENSP00000432511	9606.ENSP00000361548	0	0	0.650	0	0.650
JAK3	PIK3CD	9606.ENSP00000432511	9606.ENSP00000366563	0	0	0.400	0	0.400
JAK3	SOS1	9606.ENSP00000432511	9606.ENSP00000384675	0	0	0.400	0	0.400
JAK3	PTPN6	9606.ENSP00000432511	9606.ENSP00000391592	0	0	0.500	0	0.499
JAK3	LIFR	9606.ENSP00000432511	9606.ENSP00000398368	0	0	0.650	0	0.650
JAK3	PIK3R1	9606.ENSP00000432511	9606.ENSP00000428056	0	0	0.400	0	0.400
JAK3	PIK3CB	9606.ENSP00000432511	9606.ENSP00000501150	0	0	0.400	0	0.400
JAK3	SOCS1	9606.ENSP00000432511	9606.ENSP00000496577	0	0.420	0	0	0.420
JAK3	PRLR	9606.ENSP00000432511	9606.ENSP00000482954	0	0	0.800	0	0.800
LEP	STAT3	9606.ENSP00000312652	9606.ENSP00000264657	0	0	0.500	0	0.499
LEP	STAT5B	9606.ENSP00000312652	9606.ENSP00000293328	0	0	0.500	0	0.499
LEP	PRL	9606.ENSP00000312652	9606.ENSP00000302150	0	0	0.900	0	0.900
LEP	STAT5A	9606.ENSP00000312652	9606.ENSP00000341208	0	0	0.500	0	0.499
LEP	SOCS3	9606.ENSP00000312652	9606.ENSP00000330341	0	0	0.500	0	0.499
LEP	PTPN11	9606.ENSP00000312652	9606.ENSP00000489597	0	0	0.500	0	0.499
LEP	THPO	9606.ENSP00000312652	9606.ENSP00000494504	0	0	0.900	0	0.900
LEP	LEPR	9606.ENSP00000312652	9606.ENSP00000330393	0	0.526	0.500	0	0.752
LEPR	STAT3	9606.ENSP00000330393	9606.ENSP00000264657	0	0	0.500	0	0.499
LEPR	STAT5B	9606.ENSP00000330393	9606.ENSP00000293328	0	0	0.500	0	0.499
LEPR	SOCS3	9606.ENSP00000330393	9606.ENSP00000330341	0	0.457	0.500	0	0.716
LEPR	STAT5A	9606.ENSP00000330393	9606.ENSP00000341208	0	0	0.500	0	0.499
LEPR	TYK2	9606.ENSP00000330393	9606.ENSP00000431885	0	0	0.650	0	0.650
LEPR	PTPN11	9606.ENSP00000330393	9606.ENSP00000489597	0	0.549	0.500	0	0.764
LIF	OSM	9606.ENSP00000249075	9606.ENSP00000215781	0	0	0.500	0	0.499
LIF	TYK2	9606.ENSP00000249075	9606.ENSP00000431885	0	0	0.500	0	0.499
LIF	OSMR	9606.ENSP00000249075	9606.ENSP00000274276	0	0	0.500	0	0.499
LIF	LIFR	9606.ENSP00000249075	9606.ENSP00000398368	0	0.457	0.500	0	0.716
LIFR	OSM	9606.ENSP00000398368	9606.ENSP00000215781	0	0.457	0.500	0	0.716
LIFR	OSMR	9606.ENSP00000398368	9606.ENSP00000274276	0	0	0.500	0	0.499
LIFR	TYK2	9606.ENSP00000398368	9606.ENSP00000431885	0	0	0.650	0	0.650
MPL	SOCS1	9606.ENSP00000361548	9606.ENSP00000496577	0	0.420	0	0	0.420
MPL	TYK2	9606.ENSP00000361548	9606.ENSP00000431885	0	0.163	0.650	0	0.694
MPL	THPO	9606.ENSP00000361548	9606.ENSP00000494504	0	0.287	0.900	0	0.925
MTOR	STAT3	9606.ENSP00000354558	9606.ENSP00000264657	0	0.457	0	0	0.457
MTOR	STAT1	9606.ENSP00000354558	9606.ENSP00000354394	0	0.542	0	0	0.542
MYC	STAT3	9606.ENSP00000478887	9606.ENSP00000264657	0	0.457	0	0	0.457
MYC	PIM1	9606.ENSP00000478887	9606.ENSP00000362608	0	0.457	0	0	0.457
MYC	RAF1	9606.ENSP00000478887	9606.ENSP00000401888	0	0.442	0	0	0.442
MYC	PIAS2	9606.ENSP00000478887	9606.ENSP00000465676	0	0.457	0	0	0.457
OSM	TYK2	9606.ENSP00000215781	9606.ENSP00000431885	0	0	0.500	0	0.499
OSM	OSMR	9606.ENSP00000215781	9606.ENSP00000274276	0	0.292	0.500	0	0.630
OSMR	TYK2	9606.ENSP00000274276	9606.ENSP00000431885	0	0	0.650	0	0.650
PDGFA	PIK3R2	9606.ENSP00000346508	9606.ENSP00000222254	0	0	0.400	0	0.400
PDGFA	PDGFRA	9606.ENSP00000346508	9606.ENSP00000257290	0	0.547	0.800	0	0.905
PDGFA	PDGFRB	9606.ENSP00000346508	9606.ENSP00000261799	0	0.370	0.400	0	0.605
PDGFA	PIK3CA	9606.ENSP00000346508	9606.ENSP00000263967	0	0	0.400	0	0.400
PDGFA	STAT3	9606.ENSP00000346508	9606.ENSP00000264657	0	0	0.500	0	0.499
PDGFA	STAT5B	9606.ENSP00000346508	9606.ENSP00000293328	0	0	0.500	0	0.499
PDGFA	STAT6	9606.ENSP00000346508	9606.ENSP00000300134	0	0	0.500	0	0.499
PDGFA	PDGFB	9606.ENSP00000346508	9606.ENSP00000330382	0	0.422	0.900	0	0.939
PDGFA	STAT5A	9606.ENSP00000346508	9606.ENSP00000341208	0	0	0.500	0	0.499
PDGFA	PIK3CB	9606.ENSP00000346508	9606.ENSP00000501150	0	0	0.400	0	0.400
PDGFA	PTPN11	9606.ENSP00000346508	9606.ENSP00000489597	0	0	0.400	0	0.400
PDGFA	PIK3R1	9606.ENSP00000346508	9606.ENSP00000428056	0	0	0.400	0	0.400
PDGFA	SOS1	9606.ENSP00000346508	9606.ENSP00000384675	0	0	0.400	0	0.400
PDGFA	STAT1	9606.ENSP00000346508	9606.ENSP00000354394	0	0	0.500	0	0.499
PDGFB	PIK3R2	9606.ENSP00000330382	9606.ENSP00000222254	0	0	0.400	0	0.400
PDGFB	PDGFRA	9606.ENSP00000330382	9606.ENSP00000257290	0	0.534	0.800	0	0.902
PDGFB	PDGFRB	9606.ENSP00000330382	9606.ENSP00000261799	0	0.960	0.800	0	0.991
PDGFB	PIK3CA	9606.ENSP00000330382	9606.ENSP00000263967	0	0	0.400	0	0.400
PDGFB	STAT3	9606.ENSP00000330382	9606.ENSP00000264657	0	0	0.500	0	0.499
PDGFB	STAT5B	9606.ENSP00000330382	9606.ENSP00000293328	0	0	0.500	0	0.499
PDGFB	STAT6	9606.ENSP00000330382	9606.ENSP00000300134	0	0	0.500	0	0.499
PDGFB	PIK3CB	9606.ENSP00000330382	9606.ENSP00000501150	0	0	0.400	0	0.400
PDGFB	PTPN11	9606.ENSP00000330382	9606.ENSP00000489597	0	0	0.400	0	0.400
PDGFB	SOS1	9606.ENSP00000330382	9606.ENSP00000384675	0	0	0.400	0	0.400
PDGFB	STAT5A	9606.ENSP00000330382	9606.ENSP00000341208	0	0	0.500	0	0.499
PDGFB	STAT1	9606.ENSP00000330382	9606.ENSP00000354394	0	0	0.500	0	0.499
PDGFB	PIK3R1	9606.ENSP00000330382	9606.ENSP00000428056	0	0.292	0.400	0	0.557
PDGFRA	PIK3R2	9606.ENSP00000257290	9606.ENSP00000222254	0	0.129	0.400	0	0.455
PDGFRA	SOS1	9606.ENSP00000257290	9606.ENSP00000384675	0	0	0.400	0	0.400
PDGFRA	STAT5B	9606.ENSP00000257290	9606.ENSP00000293328	0	0	0.500	0	0.499
PDGFRA	STAT5A	9606.ENSP00000257290	9606.ENSP00000341208	0	0	0.500	0	0.499
PDGFRA	STAT6	9606.ENSP00000257290	9606.ENSP00000300134	0	0	0.500	0	0.499
PDGFRA	PIK3CB	9606.ENSP00000257290	9606.ENSP00000501150	0	0	0.400	0	0.400
PDGFRA	PIK3CA	9606.ENSP00000257290	9606.ENSP00000263967	0	0.292	0.400	0	0.557
PDGFRA	TYK2	9606.ENSP00000257290	9606.ENSP00000431885	0	0	0.650	0	0.650
PDGFRA	PIK3R1	9606.ENSP00000257290	9606.ENSP00000428056	0	0.657	0.400	0	0.785
PDGFRA	STAT1	9606.ENSP00000257290	9606.ENSP00000354394	0	0.596	0.700	0	0.873
PDGFRA	PTPN11	9606.ENSP00000257290	9606.ENSP00000489597	0	0.457	0.400	0	0.660
PDGFRA	STAT3	9606.ENSP00000257290	9606.ENSP00000264657	0	0.596	0.700	0	0.873
PDGFRA	PDGFRB	9606.ENSP00000257290	9606.ENSP00000261799	0	0.457	0.900	0	0.943
PDGFRB	PIK3R2	9606.ENSP00000261799	9606.ENSP00000222254	0	0.343	0.400	0	0.588
PDGFRB	SOS1	9606.ENSP00000261799	9606.ENSP00000384675	0	0	0.400	0	0.400
PDGFRB	PIK3R3	9606.ENSP00000261799	9606.ENSP00000262741	0	0.403	0	0	0.402
PDGFRB	STAT5B	9606.ENSP00000261799	9606.ENSP00000293328	0	0	0.500	0	0.499
PDGFRB	STAT6	9606.ENSP00000261799	9606.ENSP00000300134	0	0	0.500	0	0.499
PDGFRB	RAF1	9606.ENSP00000261799	9606.ENSP00000401888	0	0.612	0	0	0.612
PDGFRB	PIK3CB	9606.ENSP00000261799	9606.ENSP00000501150	0	0	0.400	0	0.400
PDGFRB	PIK3CA	9606.ENSP00000261799	9606.ENSP00000263967	0	0	0.400	0	0.400
PDGFRB	STAT1	9606.ENSP00000261799	9606.ENSP00000354394	0	0.429	0.500	0	0.702
PDGFRB	STAT3	9606.ENSP00000261799	9606.ENSP00000264657	0	0.387	0.500	0	0.680
PDGFRB	STAT5A	9606.ENSP00000261799	9606.ENSP00000341208	0	0.550	0.500	0	0.765
PDGFRB	TYK2	9606.ENSP00000261799	9606.ENSP00000431885	0	0	0.650	0	0.650
PDGFRB	PIK3R1	9606.ENSP00000261799	9606.ENSP00000428056	0	0.579	0.400	0	0.736
PDGFRB	PTPN11	9606.ENSP00000261799	9606.ENSP00000489597	0	0.618	0.400	0	0.761
PIAS1	STAT1	9606.ENSP00000438574	9606.ENSP00000354394	0	0.657	0.500	0	0.821
PIAS1	PIAS2	9606.ENSP00000438574	9606.ENSP00000465676	0	0.596	0	0	0.596
PIAS3	STAT3	9606.ENSP00000376765	9606.ENSP00000264657	0	0.457	0	0	0.457
PIK3CA	PIK3R2	9606.ENSP00000263967	9606.ENSP00000222254	0	0.611	0.922	0	0.968
PIK3CA	PIK3R3	9606.ENSP00000263967	9606.ENSP00000262741	0	0.635	0.944	0	0.978
PIK3CA	SOS1	9606.ENSP00000263967	9606.ENSP00000384675	0	0	0.500	0	0.499
PIK3CA	SOCS5	9606.ENSP00000263967	9606.ENSP00000305133	0	0	0.540	0	0.540
PIK3CA	SOCS4	9606.ENSP00000263967	9606.ENSP00000452522	0	0	0.540	0	0.540
PIK3CA	SOCS1	9606.ENSP00000263967	9606.ENSP00000496577	0	0	0.540	0	0.540
PIK3CA	SOCS3	9606.ENSP00000263967	9606.ENSP00000330341	0	0	0.540	0	0.540
PIK3CA	SOCS7	9606.ENSP00000263967	9606.ENSP00000499750	0	0	0.540	0	0.540
PIK3CA	SOCS2	9606.ENSP00000263967	9606.ENSP00000481249	0	0	0.540	0	0.540
PIK3CA	SOCS6	9606.ENSP00000263967	9606.ENSP00000381034	0	0	0.540	0	0.540
PIK3CA	STAT3	9606.ENSP00000263967	9606.ENSP00000264657	0	0	0.500	0	0.499
PIK3CA	STAT1	9606.ENSP00000263967	9606.ENSP00000354394	0	0.292	0.500	0	0.630
PIK3CA	PTPN11	9606.ENSP00000263967	9606.ENSP00000489597	0	0.511	0.900	0	0.949
PIK3CA	PIK3CB	9606.ENSP00000263967	9606.ENSP00000501150	0	0	0.900	0	0.900
PIK3CA	PIK3CD	9606.ENSP00000263967	9606.ENSP00000366563	0	0	0.900	0	0.900
PIK3CA	PIK3R1	9606.ENSP00000263967	9606.ENSP00000428056	0	0.963	0.967	0	0.998
PIK3CB	PIK3R2	9606.ENSP00000501150	9606.ENSP00000222254	0	0.766	0.904	0	0.976
PIK3CB	PIK3R3	9606.ENSP00000501150	9606.ENSP00000262741	0	0.659	0.904	0	0.966
PIK3CB	STAT3	9606.ENSP00000501150	9606.ENSP00000264657	0	0	0.500	0	0.499
PIK3CB	SOCS5	9606.ENSP00000501150	9606.ENSP00000305133	0	0	0.540	0	0.540
PIK3CB	SOCS3	9606.ENSP00000501150	9606.ENSP00000330341	0	0	0.540	0	0.540
PIK3CB	STAT1	9606.ENSP00000501150	9606.ENSP00000354394	0	0	0.500	0	0.499
PIK3CB	PIK3CD	9606.ENSP00000501150	9606.ENSP00000366563	0	0	0.900	0	0.900
PIK3CB	SOCS6	9606.ENSP00000501150	9606.ENSP00000381034	0	0	0.540	0	0.540
PIK3CB	SOS1	9606.ENSP00000501150	9606.ENSP00000384675	0	0	0.500	0	0.499
PIK3CB	PIK3R1	9606.ENSP00000501150	9606.ENSP00000428056	0	0.678	0.904	0	0.968
PIK3CB	SOCS4	9606.ENSP00000501150	9606.ENSP00000452522	0	0	0.540	0	0.540
PIK3CB	SOCS2	9606.ENSP00000501150	9606.ENSP00000481249	0	0	0.540	0	0.540
PIK3CB	PTPN11	9606.ENSP00000501150	9606.ENSP00000489597	0	0	0.900	0	0.900
PIK3CB	SOCS1	9606.ENSP00000501150	9606.ENSP00000496577	0	0	0.540	0	0.540
PIK3CB	SOCS7	9606.ENSP00000501150	9606.ENSP00000499750	0	0	0.540	0	0.540
PIK3CD	PIK3R2	9606.ENSP00000366563	9606.ENSP00000222254	0	0.417	0.904	0	0.942
PIK3CD	PIK3R3	9606.ENSP00000366563	9606.ENSP00000262741	0	0.443	0.904	0	0.944
PIK3CD	SOCS5	9606.ENSP00000366563	9606.ENSP00000305133	0	0	0.540	0	0.540
PIK3CD	SOCS3	9606.ENSP00000366563	9606.ENSP00000330341	0	0	0.540	0	0.540
PIK3CD	SOCS4	9606.ENSP00000366563	9606.ENSP00000452522	0	0	0.540	0	0.540
PIK3CD	SOCS6	9606.ENSP00000366563	9606.ENSP00000381034	0	0	0.540	0	0.540
PIK3CD	SOCS1	9606.ENSP00000366563	9606.ENSP00000496577	0	0	0.540	0	0.540
PIK3CD	SOCS7	9606.ENSP00000366563	9606.ENSP00000499750	0	0	0.540	0	0.540
PIK3CD	SOCS2	9606.ENSP00000366563	9606.ENSP00000481249	0	0	0.540	0	0.540
PIK3CD	PTPN11	9606.ENSP00000366563	9606.ENSP00000489597	0	0	0.900	0	0.900
PIK3CD	PIK3R1	9606.ENSP00000366563	9606.ENSP00000428056	0	0.947	0.904	0	0.994
PIK3R1	PIK3R2	9606.ENSP00000428056	9606.ENSP00000222254	0	0.669	0.900	0	0.965
PIK3R1	PIK3R3	9606.ENSP00000428056	9606.ENSP00000262741	0	0.661	0.944	0	0.980
PIK3R1	STAT3	9606.ENSP00000428056	9606.ENSP00000264657	0	0.421	0.500	0	0.698
PIK3R1	SOCS5	9606.ENSP00000428056	9606.ENSP00000305133	0	0	0.540	0	0.540
PIK3R1	SOCS3	9606.ENSP00000428056	9606.ENSP00000330341	0	0	0.540	0	0.540
PIK3R1	STAT1	9606.ENSP00000428056	9606.ENSP00000354394	0	0	0.500	0	0.499
PIK3R1	SOCS6	9606.ENSP00000428056	9606.ENSP00000381034	0	0.292	0.540	0	0.660
PIK3R1	SOS1	9606.ENSP00000428056	9606.ENSP00000384675	0	0.613	0.500	0	0.798
PIK3R1	PTPN6	9606.ENSP00000428056	9606.ENSP00000391592	0	0.457	0	0	0.457
PIK3R1	SOCS7	9606.ENSP00000428056	9606.ENSP00000499750	0	0	0.540	0	0.540
PIK3R1	SOCS4	9606.ENSP00000428056	9606.ENSP00000452522	0	0	0.540	0	0.540
PIK3R1	SOCS2	9606.ENSP00000428056	9606.ENSP00000481249	0	0	0.540	0	0.540
PIK3R1	SOCS1	9606.ENSP00000428056	9606.ENSP00000496577	0	0.517	0.540	0	0.768
PIK3R1	PTPN11	9606.ENSP00000428056	9606.ENSP00000489597	0	0.511	0.900	0	0.949
PIK3R2	STAT3	9606.ENSP00000222254	9606.ENSP00000264657	0	0.421	0	0	0.420
PIK3R2	SOS1	9606.ENSP00000222254	9606.ENSP00000384675	0	0	0.500	0	0.499
PIK3R2	SOCS5	9606.ENSP00000222254	9606.ENSP00000305133	0	0	0.540	0	0.540
PIK3R2	SOCS4	9606.ENSP00000222254	9606.ENSP00000452522	0	0	0.540	0	0.540
PIK3R2	SOCS3	9606.ENSP00000222254	9606.ENSP00000330341	0	0	0.540	0	0.540
PIK3R2	SOCS7	9606.ENSP00000222254	9606.ENSP00000499750	0	0	0.540	0	0.540
PIK3R2	SOCS2	9606.ENSP00000222254	9606.ENSP00000481249	0	0	0.540	0	0.540
PIK3R2	SOCS1	9606.ENSP00000222254	9606.ENSP00000496577	0	0.166	0.540	0	0.599
PIK3R2	SOCS6	9606.ENSP00000222254	9606.ENSP00000381034	0	0.292	0.540	0	0.660
PIK3R2	PTPN11	9606.ENSP00000222254	9606.ENSP00000489597	0	0.426	0.900	0	0.940
PIK3R2	PIK3R3	9606.ENSP00000222254	9606.ENSP00000262741	0	0.654	0.900	0	0.963
PIK3R3	STAT3	9606.ENSP00000262741	9606.ENSP00000264657	0	0.421	0	0	0.420
PIK3R3	SOCS5	9606.ENSP00000262741	9606.ENSP00000305133	0	0	0.540	0	0.540
PIK3R3	SOCS2	9606.ENSP00000262741	9606.ENSP00000481249	0	0	0.540	0	0.540
PIK3R3	SOCS7	9606.ENSP00000262741	9606.ENSP00000499750	0	0	0.540	0	0.540
PIK3R3	SOCS3	9606.ENSP00000262741	9606.ENSP00000330341	0	0	0.540	0	0.540
PIK3R3	SOCS1	9606.ENSP00000262741	9606.ENSP00000496577	0	0	0.540	0	0.540
PIK3R3	SOCS4	9606.ENSP00000262741	9606.ENSP00000452522	0	0.421	0.540	0	0.722
PIK3R3	SOCS6	9606.ENSP00000262741	9606.ENSP00000381034	0	0.480	0.540	0	0.750
PIK3R3	PTPN11	9606.ENSP00000262741	9606.ENSP00000489597	0	0.170	0.900	0	0.913
PRL	STAT5B	9606.ENSP00000302150	9606.ENSP00000293328	0	0	0.500	0	0.499
PRL	STAT5A	9606.ENSP00000302150	9606.ENSP00000341208	0	0	0.500	0	0.499
PRL	PTPN11	9606.ENSP00000302150	9606.ENSP00000489597	0	0	0.500	0	0.499
PRL	THPO	9606.ENSP00000302150	9606.ENSP00000494504	0	0	0.900	0	0.900
PRL	PRLR	9606.ENSP00000302150	9606.ENSP00000482954	0	0.956	0.500	0	0.977
PRLR	STAT5B	9606.ENSP00000482954	9606.ENSP00000293328	0	0.292	0.500	0	0.630
PRLR	STAT5A	9606.ENSP00000482954	9606.ENSP00000341208	0	0	0.500	0	0.499
PRLR	TYK2	9606.ENSP00000482954	9606.ENSP00000431885	0	0	0.650	0	0.650
PRLR	PTPN11	9606.ENSP00000482954	9606.ENSP00000489597	0	0.292	0.500	0	0.630
PTPN11	STAT3	9606.ENSP00000489597	9606.ENSP00000264657	0	0.457	0.500	0	0.716
PTPN11	STAT5B	9606.ENSP00000489597	9606.ENSP00000293328	0	0.292	0.800	0	0.852
PTPN11	SOCS3	9606.ENSP00000489597	9606.ENSP00000330341	0	0.457	0	0	0.457
PTPN11	STAT5A	9606.ENSP00000489597	9606.ENSP00000341208	0	0.457	0.800	0	0.886
PTPN11	STAT1	9606.ENSP00000489597	9606.ENSP00000354394	0	0.420	0.500	0	0.697
PTPN11	SOS1	9606.ENSP00000489597	9606.ENSP00000384675	0	0.734	0	0	0.734
PTPN11	PTPN6	9606.ENSP00000489597	9606.ENSP00000391592	0	0.079	0.900	0	0.903
PTPN11	TYK2	9606.ENSP00000489597	9606.ENSP00000431885	0	0.292	0.500	0	0.630
PTPN11	SOCS1	9606.ENSP00000489597	9606.ENSP00000496577	0	0.420	0	0	0.420
PTPN2	STAT3	9606.ENSP00000311857	9606.ENSP00000264657	0	0.457	0	0	0.457
PTPN2	STAT1	9606.ENSP00000311857	9606.ENSP00000354394	0	0.457	0	0	0.457
PTPN2	PTPN6	9606.ENSP00000311857	9606.ENSP00000391592	0	0.629	0	0	0.629
SOCS1	SOCS5	9606.ENSP00000496577	9606.ENSP00000305133	0	0	0.540	0	0.540
SOCS1	STAT2	9606.ENSP00000496577	9606.ENSP00000315768	0	0	0.500	0	0.499
SOCS1	SOCS3	9606.ENSP00000496577	9606.ENSP00000330341	0	0	0.900	0	0.900
SOCS1	SOCS6	9606.ENSP00000496577	9606.ENSP00000381034	0	0	0.540	0	0.540
SOCS1	TYK2	9606.ENSP00000496577	9606.ENSP00000431885	0	0.420	0.900	0	0.939
SOCS1	SOCS4	9606.ENSP00000496577	9606.ENSP00000452522	0	0	0.540	0	0.540
SOCS1	SOCS2	9606.ENSP00000496577	9606.ENSP00000481249	0	0.420	0.900	0	0.939
SOCS1	SOCS7	9606.ENSP00000496577	9606.ENSP00000499750	0	0	0.540	0	0.540
SOCS2	SOCS5	9606.ENSP00000481249	9606.ENSP00000305133	0	0	0.540	0	0.540
SOCS2	SOCS3	9606.ENSP00000481249	9606.ENSP00000330341	0	0.292	0.900	0	0.926
SOCS2	SOCS6	9606.ENSP00000481249	9606.ENSP00000381034	0	0	0.540	0	0.540
SOCS2	SOCS4	9606.ENSP00000481249	9606.ENSP00000452522	0	0	0.540	0	0.540
SOCS2	SOCS7	9606.ENSP00000481249	9606.ENSP00000499750	0	0	0.540	0	0.540
SOCS3	SOCS5	9606.ENSP00000330341	9606.ENSP00000305133	0	0	0.540	0	0.540
SOCS3	STAT2	9606.ENSP00000330341	9606.ENSP00000315768	0	0	0.500	0	0.499
SOCS3	SOCS7	9606.ENSP00000330341	9606.ENSP00000499750	0	0	0.540	0	0.540
SOCS3	SOCS4	9606.ENSP00000330341	9606.ENSP00000452522	0	0	0.540	0	0.540
SOCS3	SOCS6	9606.ENSP00000330341	9606.ENSP00000381034	0	0	0.540	0	0.540
SOCS3	TYK2	9606.ENSP00000330341	9606.ENSP00000431885	0	0.127	0.900	0	0.908
SOCS4	SOCS5	9606.ENSP00000452522	9606.ENSP00000305133	0	0	0.540	0	0.540
SOCS4	SOCS6	9606.ENSP00000452522	9606.ENSP00000381034	0	0	0.540	0	0.540
SOCS4	SOCS7	9606.ENSP00000452522	9606.ENSP00000499750	0	0	0.540	0	0.540
SOCS5	TYK2	9606.ENSP00000305133	9606.ENSP00000431885	0	0.041	0.500	0	0.499
SOCS5	SOCS7	9606.ENSP00000305133	9606.ENSP00000499750	0	0	0.540	0	0.540
SOCS5	SOCS6	9606.ENSP00000305133	9606.ENSP00000381034	0	0	0.540	0	0.540
SOCS6	SOCS7	9606.ENSP00000381034	9606.ENSP00000499750	0	0	0.540	0	0.540
SOS1	SOS2	9606.ENSP00000384675	9606.ENSP00000216373	0	0	0.900	0	0.900
STAM	STAM2	9606.ENSP00000366746	9606.ENSP00000263904	0	0.671	0.900	0	0.965
STAT1	STAT3	9606.ENSP00000354394	9606.ENSP00000264657	0	0.657	0.900	0	0.964
STAT1	STAT5B	9606.ENSP00000354394	9606.ENSP00000293328	0	0	0.400	0	0.400
STAT1	STAT6	9606.ENSP00000354394	9606.ENSP00000300134	0	0	0.500	0	0.499
STAT1	STAT2	9606.ENSP00000354394	9606.ENSP00000315768	0	0.534	0.900	0	0.951
STAT1	STAT5A	9606.ENSP00000354394	9606.ENSP00000341208	0	0.387	0.400	0	0.616
STAT1	STAT4	9606.ENSP00000354394	9606.ENSP00000351255	0	0.457	0.900	0	0.943
STAT1	TYK2	9606.ENSP00000354394	9606.ENSP00000431885	0	0.292	0.500	0	0.630
STAT2	STAT6	9606.ENSP00000315768	9606.ENSP00000300134	0	0.292	0.900	0	0.926
STAT2	STAT4	9606.ENSP00000315768	9606.ENSP00000351255	0	0	0.900	0	0.900
STAT2	TYK2	9606.ENSP00000315768	9606.ENSP00000431885	0	0.457	0.800	0	0.886
STAT3	TSLP	9606.ENSP00000264657	9606.ENSP00000339804	0	0	0.500	0	0.499
STAT3	STAT6	9606.ENSP00000264657	9606.ENSP00000300134	0	0.101	0.700	0	0.718
STAT3	TYK2	9606.ENSP00000264657	9606.ENSP00000431885	0	0	0.500	0	0.499
STAT3	STAT4	9606.ENSP00000264657	9606.ENSP00000351255	0	0	0.900	0	0.900
STAT3	STAT5A	9606.ENSP00000264657	9606.ENSP00000341208	0	0	0.900	0	0.900
STAT3	STAT5B	9606.ENSP00000264657	9606.ENSP00000293328	0	0.387	0.900	0	0.936
STAT4	STAT6	9606.ENSP00000351255	9606.ENSP00000300134	0	0	0.900	0	0.900
STAT4	TYK2	9606.ENSP00000351255	9606.ENSP00000431885	0	0	0.500	0	0.499
STAT5A	STAT5B	9606.ENSP00000341208	9606.ENSP00000293328	0	0.312	0.900	0	0.928
STAT5A	TYK2	9606.ENSP00000341208	9606.ENSP00000431885	0	0	0.500	0	0.499
STAT5B	TYK2	9606.ENSP00000293328	9606.ENSP00000431885	0	0	0.500	0	0.499
STAT6	TYK2	9606.ENSP00000300134	9606.ENSP00000431885	0	0	0.500	0	0.499
